{"train_loss":NaN,"val_loss":NaN,"_wandb":{"runtime":45},"_timestamp":1.7415951590057201e+09,"_runtime":43.282640395,"_step":8,"train_acc":0.10016666666666667,"val_acc":0.0985}