{"_timestamp":1.7421557410561635e+09,"_runtime":49.860541034,"_step":9,"train_acc":0.8555925925925926,"val_acc":0.8501666666666666,"train_loss":368.5489760858727,"val_loss":0.5532948162111219,"_wandb":{"runtime":49}}