{"val_acc":0.6321666666666667,"train_loss":1030.647847914658,"val_loss":1.2201878486906201,"_timestamp":1.7421483080407884e+09,"_runtime":10.774764559,"_wandb":{"runtime":10},"_step":4,"train_acc":0.6275}