{"val_acc":0.8408333333333333,"train_loss":373.96570134112534,"val_loss":0.5060667136025286,"_timestamp":1.742179567027009e+09,"_wandb":{"runtime":50},"_runtime":50.298580885,"_step":9,"train_acc":0.8506111111111111}