{"_wandb":{"runtime":26},"_step":9,"train_acc":0.8660185185185185,"val_acc":0.8536666666666667,"train_loss":160.38623421350596,"val_loss":0.4111471442863855,"_timestamp":1.7421784399683547e+09,"_runtime":26.784437614}