{"val_loss":0.38052369960968707,"_timestamp":1.7421753756190875e+09,"_runtime":45.891152954,"_step":9,"train_acc":0.8639444444444444,"val_acc":0.8455,"train_loss":159.30438352709118,"_wandb":{"runtime":45}}