{"_wandb":{"runtime":26},"train_loss":162.12043476657277,"val_loss":0.4416358742006709,"_timestamp":1.7421631008318443e+09,"_runtime":26.386585908,"_step":9,"train_acc":0.8638703703703704,"val_acc":0.8531666666666666}