{"train_acc":0.8649444444444444,"val_acc":0.8435,"train_loss":164.47078291301523,"val_loss":0.4053900032407081,"_timestamp":1.7421669093673825e+09,"_runtime":9.130966552,"_step":9,"_wandb":{"runtime":9}}