{"_timestamp":1.742177829295718e+09,"_runtime":10.528968988,"_step":9,"train_acc":0.8085740740740741,"val_acc":0.7953333333333333,"train_loss":245.37857221885233,"_wandb":{"runtime":10},"val_loss":0.682807559731163}