{"_runtime":14.60996647,"_wandb":{"runtime":14},"_step":9,"train_acc":0.8471111111111111,"val_acc":0.8285,"train_loss":422.2786809827554,"val_loss":0.4952132933488897,"_timestamp":1.7421579482409701e+09}