{"_step":9,"_wandb":{"runtime":14},"train_acc":0.8569814814814815,"val_acc":0.848,"train_loss":175.30317071102633,"val_loss":0.5007148975466308,"_timestamp":1.7421584420940647e+09,"_runtime":14.636894617}