{"val_loss":2.30236232947173,"_timestamp":1.7421894802178614e+09,"_runtime":43.295442356,"_step":9,"train_acc":0.10951851851851852,"val_acc":0.1045,"train_loss":1942.3363052208308,"_wandb":{"runtime":43}}