{"train_acc":0.8588333333333333,"val_acc":0.8505,"train_loss":170.3107650316183,"val_loss":0.46483613604784285,"_wandb":{"runtime":14},"_timestamp":1.7421758146424844e+09,"_runtime":14.252405933,"_step":9}