{"train_loss":512.6001263330747,"val_loss":1.2299980997767952,"_timestamp":1.7421781682654016e+09,"_wandb":{"runtime":17},"_runtime":17.952716074,"_step":9,"train_acc":0.4935925925925926,"val_acc":0.5013333333333333}