{"val_loss":1.5511504620498378,"_timestamp":1.742146383217362e+09,"_runtime":8.95954785,"_step":4,"train_acc":0.5264444444444445,"val_acc":0.5253333333333333,"train_loss":2448.135432046946,"_wandb":{"runtime":8}}