{"val_acc":0.7911666666666667,"train_loss":478.23740122022144,"val_loss":0.7349752897579824,"_timestamp":1.7421822490181916e+09,"_wandb":{"runtime":16},"_runtime":16.039145255,"_step":9,"train_acc":0.8057777777777778}