{"val_acc":0.0985,"train_loss":NaN,"val_loss":NaN,"_timestamp":1.7421612800167704e+09,"_wandb":{"runtime":40},"_runtime":40.283707779,"_step":9,"train_acc":0.10016666666666667}