{"_timestamp":1.742167967329755e+09,"_runtime":34.449447375,"_step":9,"train_acc":0.7830555555555555,"val_acc":0.7633333333333333,"train_loss":290.19420042383706,"_wandb":{"runtime":34},"val_loss":0.8478392133388694}