{"val_acc":0.8088333333333333,"train_loss":219.98007011053915,"_wandb":{"runtime":19},"val_loss":0.5964455662489977,"_timestamp":1.7421633350877216e+09,"_runtime":19.508837818,"_step":9,"train_acc":0.8132777777777778}