{"val_acc":0.627,"train_loss":822.2025386260756,"val_loss":1.057481363910053,"_timestamp":1.7421681129382472e+09,"_runtime":15.841826234,"_step":9,"_wandb":{"runtime":15},"train_acc":0.6343518518518518}