{"_timestamp":1.7421762149213362e+09,"_runtime":13.147576499,"_step":9,"train_acc":0.10275925925925926,"_wandb":{"runtime":13},"val_acc":0.09566666666666666,"train_loss":1939.4801428827168,"val_loss":2.29757932391306}