{"_wandb":{"runtime":41},"train_loss":328.0494964103089,"val_loss":0.5091943219270045,"_timestamp":1.7421584052882035e+09,"_runtime":41.657492985,"_step":9,"train_acc":0.8693333333333333,"val_acc":0.8581666666666666}