{"train_loss":203.89972620760727,"val_loss":0.5861156191010471,"_timestamp":1.7421598126163042e+09,"_runtime":26.476381883,"_step":9,"train_acc":0.844,"val_acc":0.8273333333333334,"_wandb":{"runtime":26}}