{"train_loss":954.3097390587585,"val_loss":2.2527564533835753,"_timestamp":1.742186758813305e+09,"_runtime":8.478971259,"_wandb":{"runtime":8},"_step":9,"train_acc":0.3599074074074074,"val_acc":0.37366666666666665}