{"_wandb":{"runtime":14},"_runtime":14.29467097,"_step":9,"train_acc":0.8587962962962963,"val_acc":0.853,"train_loss":169.25967656170351,"val_loss":0.46036392775723783,"_timestamp":1.7421591237391336e+09}