{"_step":0,"_timestamp":1.7422170385920362e+09,"Confusion Matrix":{"size":10079,"path":"media/plotly/Confusion Matrix_0_b3f650ea779f57be39bf.plotly.json","_type":"plotly-file","sha256":"b3f650ea779f57be39bfe948522745d073645bac9ae3282c6f343e2fc4eb7d02"},"F1 Score":0.03771235801930876,"_wandb":{"runtime":4},"Precision":0.1028885720811422,"Test Accuracy":0.0839,"Recall":0.0839,"_runtime":1.268390477}