{"_timestamp":1.74217656934423e+09,"_runtime":30.118883781,"_step":9,"train_acc":0.8228703703703704,"_wandb":{"runtime":30},"val_acc":0.692,"train_loss":235.7323813062942,"val_loss":0.4751218261139372}