{"_wandb":{"runtime":35},"val_loss":0.7082854014144335,"_timestamp":1.7421860219422898e+09,"_runtime":35.545696103,"_step":9,"train_acc":0.7744074074074074,"val_acc":0.7401666666666666,"train_loss":306.00312965159833}