{"val_acc":0.848,"train_loss":157.5113402390427,"val_loss":0.4093052204240873,"_timestamp":1.742179725936189e+09,"_runtime":29.164409178,"_wandb":{"runtime":29},"_step":9,"train_acc":0.8656481481481482}