{"train_loss":211.61546768189606,"val_loss":0.5506192778179554,"_timestamp":1.7421724546803508e+09,"_runtime":16.351217199,"_wandb":{"runtime":16},"_step":9,"train_acc":0.8387962962962963,"val_acc":0.8151666666666667}