{"_wandb":{"runtime":27},"val_loss":0.934440551761584,"_timestamp":1.7421883644060946e+09,"_runtime":27.395778726,"_step":9,"train_acc":0.6653518518518519,"val_acc":0.6633333333333333,"train_loss":384.1407743439266}