{"_runtime":14.21371802,"_step":9,"_wandb":{"runtime":14},"train_acc":0.8235,"val_acc":0.7973333333333333,"train_loss":215.0522797297919,"val_loss":0.6131555331599238,"_timestamp":1.7421716817656806e+09}