{"val_loss":2.302795219873492,"_timestamp":1.7421866295594358e+09,"_runtime":12.284641726,"_step":9,"train_acc":0.10035185185185186,"val_acc":0.09333333333333334,"_wandb":{"runtime":12},"train_loss":971.7015289313393}