{"_runtime":9.526915335,"_step":9,"train_acc":0.8633148148148149,"val_acc":0.8516666666666667,"train_loss":172.63838735032962,"val_loss":0.4678554535755813,"_timestamp":1.7421815125513508e+09,"_wandb":{"runtime":9}}