{"_step":9,"train_acc":0.14683333333333334,"_wandb":{"runtime":34},"val_acc":0.1955,"train_loss":1935.1857247971188,"val_loss":2.300671243710353,"_timestamp":1.7421872871956193e+09,"_runtime":34.148209427}