{"F1 Score":0.8428346992551534,"Recall":0.8458,"_timestamp":1.7421987823598993e+09,"Precision":0.8464575687033914,"Test Accuracy":0.8458,"_wandb":{"runtime":6},"Confusion Matrix":{"sha256":"fd4b2595ecb6cd1492432736f2daa68053fe9c58c2051e463d794dd65da8a530","size":10053,"path":"media/plotly/Confusion Matrix_0_fd4b2595ecb6cd149243.plotly.json","_type":"plotly-file"},"_step":0,"_runtime":1.302834593}