{"_wandb":{"runtime":26},"val_acc":0.8578333333333333,"train_loss":155.60000379941502,"val_loss":0.3872433111403633,"_timestamp":1.7421557752454147e+09,"_runtime":26.082581836,"_step":9,"train_acc":0.87}