{"train_loss":968.4987097594714,"val_loss":2.300972833302468,"_timestamp":1.7421482360651982e+09,"_wandb":{"runtime":8},"_runtime":8.147718161,"_step":9,"train_acc":0.08938888888888889,"val_acc":0.09116666666666666}