{"_step":9,"train_acc":0.8650925925925926,"val_acc":0.8505,"train_loss":339.73542413146765,"_wandb":{"runtime":14},"val_loss":0.2280524701781288,"_timestamp":1.742171169591562e+09,"_runtime":14.833057304}