{"_step":9,"train_acc":0.8184259259259259,"val_acc":0.7866666666666666,"train_loss":242.3095455602268,"val_loss":0.6505534962128532,"_timestamp":1.742168832601349e+09,"_runtime":30.390320244,"_wandb":{"runtime":30}}