{"train_acc":0.8550925925925926,"val_acc":0.8201666666666667,"_wandb":{"runtime":39},"train_loss":173.30176205554977,"val_loss":0.46112919683906306,"_timestamp":1.7421818057529492e+09,"_runtime":39.292912666,"_step":9}