{"val_loss":2.257246917251495,"_timestamp":1.7421520522586176e+09,"_runtime":17.452681628,"_step":4,"train_acc":0.47353703703703703,"val_acc":0.47383333333333333,"_wandb":{"runtime":17},"train_loss":3801.0017760495466}