{"_timestamp":1.7421887348351512e+09,"_runtime":34.637598298,"_step":9,"train_acc":0.1004074074074074,"_wandb":{"runtime":34},"val_acc":0.09333333333333334,"train_loss":971.7015735966961,"val_loss":2.302767872340811}