{"train_loss":353.60825552193563,"val_loss":0.41288323179026226,"_timestamp":1.742184663790595e+09,"_wandb":{"runtime":37},"_runtime":37.341282543,"_step":9,"train_acc":0.852574074074074,"val_acc":0.8286666666666667}