{"train_acc":0.8541111111111112,"_wandb":{"runtime":11},"val_acc":0.8455,"train_loss":183.81977981579985,"val_loss":0.46195803534856605,"_timestamp":1.742162909374525e+09,"_runtime":11.889634214,"_step":9}