{"_runtime":50.098152859,"_step":9,"train_acc":0.8517962962962963,"val_acc":0.843,"train_loss":371.38427246204424,"val_loss":0.4361435190300092,"_wandb":{"runtime":50},"_timestamp":1.7421556241798806e+09}