{"_timestamp":1.742157353096356e+09,"_runtime":34.826113597,"_step":9,"_wandb":{"runtime":34},"train_acc":0.8445370370370371,"val_acc":0.8373333333333334,"train_loss":190.37860327003952,"val_loss":0.49129356952999387}