{"_timestamp":1.7421785492855544e+09,"_runtime":44.463618117,"_wandb":{"runtime":44},"_step":9,"train_acc":0.8607222222222223,"val_acc":0.8331666666666667,"train_loss":163.1553276969131,"val_loss":0.3967700653183798}