{"_wandb":{"runtime":42},"val_loss":0.4671314297380784,"_timestamp":1.742188807568004e+09,"_runtime":42.885007432,"_step":9,"train_acc":0.8673888888888889,"val_acc":0.8575,"train_loss":331.93540460390125}