{"val_acc":0.8438333333333333,"train_loss":156.29351174991066,"val_loss":0.39484453678380077,"_timestamp":1.7421889776627645e+09,"_runtime":63.754895753,"_step":9,"_wandb":{"runtime":63},"train_acc":0.8651851851851852}