{"_runtime":18.941735901,"_step":9,"train_acc":0.10125925925925926,"val_acc":0.0985,"train_loss":22592.055139118223,"_wandb":{"runtime":18},"val_loss":14.910763380660516,"_timestamp":1.742148220296795e+09}