{"train_acc":0.10016666666666667,"val_acc":0.0985,"train_loss":NaN,"val_loss":NaN,"_timestamp":1.7421737276572707e+09,"_runtime":14.021492148,"_wandb":{"runtime":14},"_step":9}