{"train_loss":154.87075533572258,"val_loss":0.3741742852548384,"_timestamp":1.7421836618252277e+09,"_wandb":{"runtime":24},"_runtime":24.181476758,"_step":9,"train_acc":0.8671481481481481,"val_acc":0.8475}