{"_timestamp":1.74217629146659e+09,"_wandb":{"runtime":20},"_runtime":20.154516743,"_step":9,"train_acc":0.8612222222222222,"val_acc":0.8545,"train_loss":374.56846487695265,"val_loss":0.4771382639026997}