{"_runtime":24.837171017,"_wandb":{"runtime":24},"_step":9,"train_acc":0.8492407407407407,"val_acc":0.8445,"train_loss":182.03962026442005,"val_loss":0.5135234332620638,"_timestamp":1.7421697108661952e+09}