{"train_acc":0.8528518518518519,"val_acc":0.8415,"train_loss":360.03411228439217,"val_loss":0.6706393507093972,"_wandb":{"runtime":20},"_timestamp":1.7421788136417365e+09,"_runtime":20.163986324,"_step":9}