{"train_loss":537.1919123923166,"val_loss":0.8139505539288083,"_timestamp":1.7421650129172988e+09,"_runtime":15.965192777,"_step":9,"_wandb":{"runtime":15},"train_acc":0.7772037037037037,"val_acc":0.7663333333333333}