{"Precision":0.8523217349829807,"Test Accuracy":0.8516,"_timestamp":1.7422172086005719e+09,"_step":0,"Recall":0.8516,"_runtime":1.34433476,"F1 Score":0.8482437656846108,"Confusion Matrix":{"_type":"plotly-file","sha256":"efe06cae8b7fbd831a9f08ec958a8f78a0393c033c13123f7f8c0c99edf1ee86","size":10056,"path":"media/plotly/Confusion Matrix_0_efe06cae8b7fbd831a9f.plotly.json"},"_wandb":{"runtime":6}}