{"train_acc":0.8636481481481482,"val_acc":0.8575,"train_loss":163.72787778525702,"val_loss":0.42577721445718686,"_timestamp":1.7421856054737132e+09,"_wandb":{"runtime":26},"_runtime":26.792866396,"_step":9}