{"train_acc":0.10687037037037037,"val_acc":0.08983333333333333,"train_loss":1943.1212693935045,"val_loss":2.3027931820051974,"_timestamp":1.742172318682382e+09,"_runtime":19.571150572,"_step":9,"_wandb":{"runtime":19}}