{"val_loss":0.496519967226383,"_timestamp":1.742165363349151e+09,"_runtime":24.313260942,"_step":9,"train_acc":0.857037037037037,"_wandb":{"runtime":24},"val_acc":0.8321666666666667,"train_loss":176.69941613928663}