{"train_loss":971.9143466317638,"val_loss":2.3048902346359634,"_timestamp":1.7421466106743462e+09,"_runtime":28.915083532,"_step":4,"train_acc":0.0975,"_wandb":{"runtime":28},"val_acc":0.1045}