{"train_acc":0.8092777777777778,"val_acc":0.8185,"train_loss":493.87139890896196,"val_loss":0.8188267680898956,"_timestamp":1.742181678344877e+09,"_wandb":{"runtime":24},"_runtime":24.858553495,"_step":9}