{"_runtime":23.93172778,"_step":9,"train_acc":0.8363333333333334,"val_acc":0.8266666666666667,"_wandb":{"runtime":23},"train_loss":409.7983878953795,"val_loss":0.620943586014226,"_timestamp":1.742186195993461e+09}