{"_step":9,"train_acc":0.8255555555555556,"val_acc":0.8163333333333334,"_wandb":{"runtime":30},"train_loss":209.8518023157179,"val_loss":0.5686619820653313,"_timestamp":1.7421896127838824e+09,"_runtime":30.123425676}