{"_wandb":{"runtime":14},"train_acc":0.8438148148148148,"val_acc":0.8251666666666667,"train_loss":459.79316939712095,"val_loss":0.6207792520006993,"_timestamp":1.7421585921024237e+09,"_runtime":14.061929875,"_step":9}