{"val_acc":0.8181666666666667,"train_loss":394.676189481044,"val_loss":0.6344421945220172,"_timestamp":1.74215939573928e+09,"_runtime":59.643427611999996,"_wandb":{"runtime":59},"_step":9,"train_acc":0.8338518518518518}