{"train_acc":0.8347037037037037,"val_acc":0.8276666666666667,"train_loss":209.03827754190806,"_wandb":{"runtime":16},"val_loss":0.5526784746470472,"_timestamp":1.7421806467217534e+09,"_runtime":16.64308497,"_step":9}