{"val_loss":0.5093130093538066,"_timestamp":1.74217483793203e+09,"_wandb":{"runtime":14},"_runtime":14.690164343,"_step":9,"train_acc":0.8539629629629629,"val_acc":0.8496666666666667,"train_loss":177.14259483092286}