{"val_loss":0.5676556526819532,"_timestamp":1.742173337963871e+09,"_runtime":26.597975278,"_step":9,"_wandb":{"runtime":26},"train_acc":0.833925925925926,"val_acc":0.8288333333333333,"train_loss":195.3989406644041}