{"train_loss":382.6119433443141,"val_loss":0.596944176562353,"_timestamp":1.7421816199191706e+09,"_wandb":{"runtime":20},"_runtime":20.27789161,"_step":9,"train_acc":0.8443148148148149,"val_acc":0.839}