{"val_acc":0.6003333333333334,"train_loss":411.7687433262775,"val_loss":1.0994268918970138,"_timestamp":1.7421723586129997e+09,"_runtime":32.805306191,"_wandb":{"runtime":32},"_step":9,"train_acc":0.6043333333333333}