{"_runtime":25.438663899,"_step":9,"_wandb":{"runtime":25},"train_acc":0.8421111111111111,"val_acc":0.8316666666666667,"train_loss":420.0306405508156,"val_loss":0.6618773574608223,"_timestamp":1.7421712282617023e+09}