{"val_loss":0.4894384517576296,"_timestamp":1.7421809803292737e+09,"_runtime":14.454303829,"_step":9,"_wandb":{"runtime":14},"train_acc":0.8642777777777778,"val_acc":0.8483333333333334,"train_loss":162.64508705638264}