{"_runtime":21.797020833,"_step":9,"train_acc":0.8458888888888889,"val_acc":0.8145,"train_loss":508.25533444082595,"_wandb":{"runtime":21},"val_loss":0.6305382529945615,"_timestamp":1.7421605144807913e+09}