{"_runtime":19.285405773,"_step":9,"train_acc":0.8286851851851852,"val_acc":0.8168333333333333,"train_loss":414.0207270057672,"_wandb":{"runtime":19},"val_loss":0.544534071223243,"_timestamp":1.742170609993218e+09}