{"_step":9,"_wandb":{"runtime":17},"train_acc":0.656,"val_acc":0.6538333333333334,"train_loss":412.7325830493201,"val_loss":0.9995473461150867,"_timestamp":1.742151871270348e+09,"_runtime":17.739997837}