{"_wandb":{"runtime":30},"val_acc":0.7758333333333334,"train_loss":248.69054920054685,"val_loss":0.43523747955771164,"_timestamp":1.7421596660297415e+09,"_runtime":30.239720922,"_step":9,"train_acc":0.8189074074074074}