{"_wandb":{"runtime":25},"_step":9,"train_acc":0.8430925925925926,"val_acc":0.8256666666666667,"train_loss":483.5542876497081,"val_loss":0.3963376870183437,"_timestamp":1.7421706700511339e+09,"_runtime":25.198747367}