{"val_acc":0.0985,"train_loss":NaN,"val_loss":NaN,"_timestamp":1.742157083627379e+09,"_runtime":37.869909488,"_wandb":{"runtime":37},"_step":9,"train_acc":0.10016666666666667}