{"_wandb":{"runtime":57},"_timestamp":1.7421558709914877e+09,"_runtime":57.291519214,"_step":9,"train_acc":0.8122592592592592,"val_acc":0.826,"train_loss":459.33699349861564,"val_loss":0.6528531859195844}