{"_step":9,"train_acc":0.8648148148148148,"_wandb":{"runtime":45},"val_acc":0.843,"train_loss":158.84580810079828,"val_loss":0.38814929772129225,"_timestamp":1.7421888843914568e+09,"_runtime":45.110830356}