{"_timestamp":1.742153726913911e+09,"_runtime":31.024286816,"_step":9,"train_acc":0.6653703703703704,"_wandb":{"runtime":31},"val_acc":0.6623333333333333,"train_loss":490.7812968865236,"val_loss":1.1380535913827452}