{"_wandb":{"runtime":15},"_runtime":15.005587597,"_step":9,"train_acc":0.8523148148148149,"val_acc":0.8413333333333334,"train_loss":363.8029785716111,"val_loss":0.5627820695993376,"_timestamp":1.74218252611057e+09}