{"_timestamp":1.742172835667899e+09,"_runtime":42.559955004,"_wandb":{"runtime":42},"_step":9,"train_acc":0.8629814814814815,"val_acc":0.8521666666666666,"train_loss":333.0895825474479,"val_loss":0.44443407844535576}