{"val_loss":1.6123105055303417,"_wandb":{"runtime":55},"_timestamp":1.7421794335346785e+09,"_runtime":55.738752289,"_step":9,"train_acc":0.6391666666666667,"val_acc":0.5998333333333333,"train_loss":1132.2700972762884}