{"val_acc":0.7956666666666666,"train_loss":214.95298459693362,"val_loss":0.5709929731864504,"_wandb":{"runtime":36},"_timestamp":1.7421539440887966e+09,"_runtime":36.12106707,"_step":9,"train_acc":0.8155740740740741}