{"train_acc":0.8677962962962963,"val_acc":0.86,"_wandb":{"runtime":28},"train_loss":158.11075293524542,"val_loss":0.4192099598342357,"_timestamp":1.742157812087011e+09,"_runtime":28.29813775,"_step":9}