{"_wandb":{"runtime":41},"train_acc":0.7885555555555556,"val_acc":0.7693333333333333,"train_loss":554.4592062830988,"val_loss":1.2355095450394877,"_timestamp":1.7421681917507463e+09,"_runtime":41.748450044,"_step":9}