{"_timestamp":1.7421592165714061e+09,"_runtime":30.901481173,"_step":9,"train_acc":0.8435925925925926,"val_acc":0.839,"_wandb":{"runtime":30},"train_loss":191.73393970046988,"val_loss":0.5175639132334627}