{"val_acc":0.7138333333333333,"train_loss":665.0969609851762,"val_loss":0.8764203068532813,"_timestamp":1.7421623107589033e+09,"_runtime":38.843506508,"_step":9,"_wandb":{"runtime":38},"train_acc":0.7335925925925926}