{"val_acc":0.8088333333333333,"train_loss":220.94360782473007,"val_loss":0.6071744561069193,"_timestamp":1.742176048643084e+09,"_runtime":19.098206969,"_step":9,"_wandb":{"runtime":19},"train_acc":0.8114074074074074}