{"val_acc":0.8431666666666666,"train_loss":539.2222138931593,"val_loss":0.4804859652783075,"_timestamp":1.7421754638941007e+09,"_runtime":42.634478326,"_step":9,"_wandb":{"runtime":42},"train_acc":0.8387777777777777}