{"_runtime":17.23250417,"_step":9,"train_acc":0.8887037037037037,"val_acc":0.8683333333333333,"train_loss":263.00689042309426,"_wandb":{"runtime":17},"val_loss":0.199035644820824,"_timestamp":1.742185006466702e+09}