{"_runtime":55.926874404,"_step":9,"train_acc":0.5632407407407407,"val_acc":0.5831666666666667,"_wandb":{"runtime":55},"train_loss":464.12460506500264,"val_loss":1.178959100188054,"_timestamp":1.7421807080215526e+09}