{"_timestamp":1.7421518008293352e+09,"_runtime":42.064421069,"_step":9,"train_acc":0.09957407407407408,"_wandb":{"runtime":42},"val_acc":0.10066666666666667,"train_loss":1996.199514152098,"val_loss":2.316093012548219}