{"train_acc":0.7910555555555555,"val_acc":0.7811666666666667,"train_loss":278.74112380383525,"val_loss":0.712842714177927,"_wandb":{"runtime":9},"_timestamp":1.7421864552473702e+09,"_runtime":9.664623519,"_step":9}