{"val_acc":0.8555,"train_loss":165.684244563481,"val_loss":0.42749693922257975,"_wandb":{"runtime":14},"_timestamp":1.7421644642946298e+09,"_runtime":14.729528978,"_step":9,"train_acc":0.8637592592592592}