{"val_loss":0.4491826895955539,"_timestamp":1.7421595374405706e+09,"_runtime":14.162958621,"_step":9,"_wandb":{"runtime":14},"train_acc":0.8627777777777778,"val_acc":0.8508333333333333,"train_loss":164.72377495808016}