{"val_acc":0.8498333333333333,"train_loss":421.3844928014959,"val_loss":0.5706976081780252,"_timestamp":1.7421839220134408e+09,"_runtime":39.118405483,"_wandb":{"runtime":39},"_step":9,"train_acc":0.8587592592592592}