{"val_acc":0.859,"train_loss":145.45919137581663,"val_loss":0.3471035578156193,"_wandb":{"runtime":13},"_timestamp":1.7421704425608578e+09,"_runtime":13.072092537,"_step":9,"train_acc":0.8758518518518519}