{"_step":9,"train_acc":0.8069444444444445,"val_acc":0.8083333333333333,"_wandb":{"runtime":15},"train_loss":531.5399250688876,"val_loss":0.8507572089770741,"_timestamp":1.7421645607910333e+09,"_runtime":15.678807164}