{"val_loss":0.601275888590091,"_timestamp":1.742177768646573e+09,"_runtime":36.393521852,"_step":9,"train_acc":0.8248148148148148,"val_acc":0.81,"train_loss":214.08579382173517,"_wandb":{"runtime":36}}