{"train_acc":0.8637592592592592,"val_acc":0.8561666666666666,"_wandb":{"runtime":26},"train_loss":164.13287027387977,"val_loss":0.43231594328660183,"_timestamp":1.7421731884278543e+09,"_runtime":26.885046853,"_step":9}