{"val_acc":0.8148333333333333,"train_loss":577.3616895639428,"val_loss":0.6635020650049147,"_timestamp":1.7421715534293616e+09,"_runtime":56.241474925,"_step":9,"_wandb":{"runtime":56},"train_acc":0.8192962962962963}