{"_timestamp":1.7421590194311438e+09,"_runtime":40.214448943,"_step":9,"_wandb":{"runtime":40},"train_acc":0.8376481481481481,"val_acc":0.8261666666666667,"train_loss":558.631102282281,"val_loss":0.7981358365652026}