{"train_acc":0.828037037037037,"val_acc":0.8151666666666667,"train_loss":201.31825579205596,"val_loss":0.5907596295233238,"_timestamp":1.7421603364787295e+09,"_runtime":30.599174431,"_step":9,"_wandb":{"runtime":30}}