{"val_acc":0.8501666666666666,"train_loss":165.30013826480584,"val_loss":0.43418085153931496,"_timestamp":1.7421700430559957e+09,"_runtime":9.699431235,"_step":9,"_wandb":{"runtime":9},"train_acc":0.8638518518518519}