{"train_acc":0.8372222222222222,"val_acc":0.827,"train_loss":202.57951391382724,"_wandb":{"runtime":10},"val_loss":0.5532173198745192,"_timestamp":1.7421615651949506e+09,"_runtime":10.078389335,"_step":9}