{"_step":9,"train_acc":0.8834074074074074,"val_acc":0.8663333333333333,"train_loss":136.46713544850175,"_wandb":{"runtime":12},"val_loss":0.3272699925473614,"_timestamp":1.7421571647360528e+09,"_runtime":12.745049119}