{"_wandb":{"runtime":23},"_runtime":23.1186993,"_step":9,"train_acc":0.8309444444444445,"val_acc":0.8213333333333334,"train_loss":206.2271414936616,"val_loss":0.5222490753607735,"_timestamp":1.7421877566874914e+09}