{"_runtime":26.570004736,"_step":9,"_wandb":{"runtime":26},"train_acc":0.8648333333333333,"val_acc":0.8563333333333333,"train_loss":161.95496745298456,"val_loss":0.4413193960854342,"_timestamp":1.7421858624202585e+09}