{"_timestamp":1.742164304292602e+09,"_runtime":10.787508267,"_step":9,"train_acc":0.5818703703703704,"val_acc":0.5778333333333333,"train_loss":520.8464236785109,"val_loss":1.1881044247136796,"_wandb":{"runtime":10}}