{"val_acc":0.7913333333333333,"train_loss":487.3555778512007,"val_loss":0.6459993521629335,"_timestamp":1.742181585489145e+09,"_runtime":17.615184454,"_wandb":{"runtime":17},"_step":9,"train_acc":0.7897037037037037}