{"_timestamp":1.7421815631624033e+09,"_runtime":43.989634071,"_step":9,"train_acc":0.8620185185185185,"val_acc":0.8365,"_wandb":{"runtime":43},"train_loss":160.36129090758592,"val_loss":0.3939810668227891}