{"val_loss":0.3574737870053325,"_timestamp":1.742177025337591e+09,"_runtime":45.386684073,"_step":9,"train_acc":0.8636481481481482,"val_acc":0.8408333333333333,"train_loss":160.53169958972515,"_wandb":{"runtime":45}}