{"val_loss":0.5201395806472319,"_timestamp":1.742178081755532e+09,"_runtime":16.464442478,"_wandb":{"runtime":16},"_step":9,"train_acc":0.8507962962962963,"val_acc":0.8473333333333334,"train_loss":187.07463862445184}