{"train_acc":0.6792222222222222,"_wandb":{"runtime":21},"val_acc":0.5815,"train_loss":753.1725385690737,"val_loss":0.9208601796530406,"_timestamp":1.7421763191197922e+09,"_runtime":21.55655685,"_step":9}