{"train_loss":292.71752921808866,"val_loss":0.7374022405744266,"_timestamp":1.742170636755069e+09,"_runtime":18.643464656,"_step":9,"train_acc":0.7571481481481481,"_wandb":{"runtime":18},"val_acc":0.7515}