{"_runtime":25.850882898000002,"_step":9,"_wandb":{"runtime":25},"train_acc":0.8636481481481482,"val_acc":0.8543333333333333,"train_loss":162.9302387035855,"val_loss":0.430844459936179,"_timestamp":1.7421817600105312e+09}