{"train_acc":0.8265,"val_acc":0.8126666666666666,"_wandb":{"runtime":13},"train_loss":227.1698642857437,"val_loss":0.5147472111607063,"_timestamp":1.7421708513246713e+09,"_runtime":13.262315157,"_step":9}