{"val_acc":0.8555,"train_loss":160.0584362076185,"val_loss":0.44262676149379104,"_timestamp":1.742181111957597e+09,"_runtime":26.706755614,"_step":9,"train_acc":0.8656666666666667,"_wandb":{"runtime":26}}