{"val_loss":0.4712515113514794,"_timestamp":1.74215951588771e+09,"_runtime":14.39492312,"_step":9,"train_acc":0.8557407407407407,"_wandb":{"runtime":14},"val_acc":0.8348333333333333,"train_loss":177.93145266042566}