{"train_acc":0.8654259259259259,"val_acc":0.8506666666666667,"train_loss":166.7320656245607,"val_loss":0.40650263480913784,"_timestamp":1.7421579252467704e+09,"_runtime":13.17334937,"_step":9,"_wandb":{"runtime":13}}