{"val_loss":0.47901577780205085,"_timestamp":1.7421629802393079e+09,"_runtime":18.554717597,"_step":9,"train_acc":0.8530925925925926,"val_acc":0.8183333333333334,"_wandb":{"runtime":18},"train_loss":175.9436965919636}