{"val_loss":0.6617463005159653,"_timestamp":1.7421793191694026e+09,"_runtime":11.189934404,"_wandb":{"runtime":11},"_step":9,"train_acc":0.8008703703703703,"val_acc":0.7985,"train_loss":251.36213334578136}