{"train_loss":4389.4289856516325,"val_loss":1.174111004668582,"_timestamp":1.7421468591117845e+09,"_runtime":33.621755895,"_step":9,"_wandb":{"runtime":33},"train_acc":0.5422592592592592,"val_acc":0.5393333333333333}