{"val_loss":2.303251892555631,"_timestamp":1.7421892825738823e+09,"_wandb":{"runtime":12},"_runtime":12.672965621,"_step":9,"train_acc":0.11603703703703704,"val_acc":0.1045,"train_loss":1941.8075609499595}