{"_step":9,"_wandb":{"runtime":32},"train_acc":0.883537037037037,"val_acc":0.8593333333333333,"train_loss":278.2817534509696,"val_loss":0.23309062803356465,"_timestamp":1.7421844502102327e+09,"_runtime":32.716729182}