{"_step":9,"train_acc":0.831962962962963,"val_acc":0.8436666666666667,"train_loss":219.88666707822958,"val_loss":0.5522438042464308,"_timestamp":1.7421726695881515e+09,"_runtime":16.971321432,"_wandb":{"runtime":16}}