{"_wandb":{"runtime":40},"_timestamp":1.742176972519377e+09,"_runtime":40.013296179,"_step":9,"train_acc":0.8563148148148149,"val_acc":0.848,"train_loss":349.5402859867861,"val_loss":0.4642467817782032}