{"_timestamp":1.7421722205863543e+09,"_runtime":11.725737266,"_step":9,"train_acc":0.8797592592592592,"val_acc":0.8613333333333333,"_wandb":{"runtime":11},"train_loss":287.9538171873629,"val_loss":0.21650498728423492}