{"val_loss":0.6014388684985184,"_timestamp":1.7421831658404765e+09,"_runtime":30.261912453,"_step":9,"train_acc":0.8062407407407407,"val_acc":0.7988333333333333,"train_loss":222.54404279359022,"_wandb":{"runtime":30}}