{"_runtime":28.848376009,"_wandb":{"runtime":28},"_step":9,"train_acc":0.8376111111111111,"val_acc":0.8136666666666666,"train_loss":205.44442350740783,"val_loss":0.6001241319386625,"_timestamp":1.74216513322362e+09}