{"val_loss":0.40423770651588126,"_wandb":{"runtime":26},"_timestamp":1.7421793510482361e+09,"_runtime":26.34612389,"_step":9,"train_acc":0.8679444444444444,"val_acc":0.8568333333333333,"train_loss":157.9937580672809}