{"val_acc":0.714,"train_loss":330.0620834593187,"val_loss":0.7721911038800765,"_timestamp":1.7421740819999447e+09,"_wandb":{"runtime":11},"_runtime":11.443200127,"_step":9,"train_acc":0.7126111111111111}