{"val_acc":0.841,"train_loss":178.1122151954057,"val_loss":0.4960889760080705,"_timestamp":1.7421731554909058e+09,"_runtime":31.275743242,"_wandb":{"runtime":31},"_step":9,"train_acc":0.852925925925926}