{"train_acc":0.8845185185185185,"val_acc":0.8658333333333333,"train_loss":136.26376893053725,"val_loss":0.33092000360784357,"_timestamp":1.7421573902181997e+09,"_runtime":12.749324005,"_step":9,"_wandb":{"runtime":12}}