{"val_acc":0.8455,"_wandb":{"runtime":19},"train_loss":383.4350519427814,"val_loss":0.6612803592830634,"_timestamp":1.7421764952198792e+09,"_runtime":19.922340179,"_step":9,"train_acc":0.8623888888888889}