{"_wandb":{"runtime":11},"train_loss":254.51127262128307,"val_loss":0.5976142360811495,"_timestamp":1.742186922358274e+09,"_runtime":11.186028374,"_step":9,"train_acc":0.8117037037037037,"val_acc":0.8038333333333333}