{"_runtime":14.253442078,"_step":9,"train_acc":0.8626296296296296,"val_acc":0.8471666666666666,"train_loss":163.25101662391722,"_wandb":{"runtime":14},"val_loss":0.43285238569544104,"_timestamp":1.7421589557647512e+09}