{"_wandb":{"runtime":13},"train_loss":197.81033268326905,"val_loss":0.48348384401799366,"_timestamp":1.7421714891213906e+09,"_runtime":13.611542852,"_step":9,"train_acc":0.8346111111111111,"val_acc":0.8175}