{"_wandb":{"runtime":14},"train_acc":0.7942037037037037,"val_acc":0.7935,"train_loss":252.43795838639264,"val_loss":0.7343028821209475,"_timestamp":1.742180128296425e+09,"_runtime":14.864530092,"_step":9}