{"val_loss":0.4290593664118734,"_wandb":{"runtime":14},"_timestamp":1.7421846189802349e+09,"_runtime":14.314108131,"_step":9,"train_acc":0.8583888888888889,"val_acc":0.8238333333333333,"train_loss":177.27403612497267}