{"_timestamp":1.742163277772864e+09,"_runtime":10.754917263,"_step":9,"train_acc":0.8572962962962963,"val_acc":0.843,"_wandb":{"runtime":10},"train_loss":183.24558293589976,"val_loss":0.42474748595937434}