{"val_acc":0.8135,"train_loss":236.11519149720095,"val_loss":0.6012040226781562,"_wandb":{"runtime":9},"_timestamp":1.7421597481133666e+09,"_runtime":9.887619411,"_step":9,"train_acc":0.8168518518518518}