{"_runtime":48.425855404,"_step":9,"train_acc":0.8683333333333333,"val_acc":0.852,"train_loss":326.06154419003195,"val_loss":0.48872010420554846,"_wandb":{"runtime":48},"_timestamp":1.7421819336919296e+09}