{"val_acc":0.36916666666666664,"train_loss":961.4517943308937,"val_loss":2.2769196972461194,"_timestamp":1.7421777831255834e+09,"_runtime":8.332310614,"_step":9,"train_acc":0.356462962962963,"_wandb":{"runtime":8}}