{"_runtime":23.950757566,"_step":9,"train_acc":0.8090925925925926,"val_acc":0.8066666666666666,"train_loss":459.9346141504597,"val_loss":0.7963720758148733,"_timestamp":1.7421817093661337e+09,"_wandb":{"runtime":23}}