{"train_loss":211.03920946478993,"val_loss":0.3873725167830558,"_timestamp":1.742172867447452e+09,"_runtime":26.301994478,"_step":9,"_wandb":{"runtime":26},"train_acc":0.8370555555555556,"val_acc":0.7885}