{"train_acc":0.8641851851851852,"val_acc":0.8228333333333333,"train_loss":169.6607412751841,"val_loss":0.3819419392059976,"_timestamp":1.7421623387321973e+09,"_wandb":{"runtime":13},"_runtime":13.628300886,"_step":9}