{"_runtime":17.166372572,"_step":9,"train_acc":0.8285555555555556,"val_acc":0.8113333333333334,"train_loss":487.02859143830193,"val_loss":0.5266383910766557,"_wandb":{"runtime":17},"_timestamp":1.7421884544343262e+09}