{"_wandb":{"runtime":12},"val_loss":0.36135637493015665,"_timestamp":1.7421615341559107e+09,"_runtime":12.045737565,"_step":9,"train_acc":0.8834814814814815,"val_acc":0.8653333333333333,"train_loss":136.7460158544237}