{"_runtime":32.491607061,"_step":9,"train_acc":0.8683703703703703,"val_acc":0.846,"train_loss":155.3427460281849,"_wandb":{"runtime":32},"val_loss":0.37108304039147416,"_timestamp":1.7421533621643348e+09}