{"val_acc":0.8478333333333333,"train_loss":175.69234444343306,"_wandb":{"runtime":24},"val_loss":0.49190435731070586,"_timestamp":1.7421705071218605e+09,"_runtime":24.315183297,"_step":9,"train_acc":0.8519074074074074}