{"train_loss":518.1555241619453,"val_loss":0.49696002612831486,"_timestamp":1.7421631701853921e+09,"_runtime":41.526406851,"_step":9,"train_acc":0.8452037037037037,"val_acc":0.8351666666666666,"_wandb":{"runtime":41}}