{"val_loss":0.3509461032392624,"_timestamp":1.7421605421276562e+09,"_runtime":13.212966762,"_step":9,"_wandb":{"runtime":13},"train_acc":0.8691111111111111,"val_acc":0.8378333333333333,"train_loss":157.8997719769011}