{"train_acc":0.8846296296296297,"val_acc":0.8685,"train_loss":135.79906121464705,"val_loss":0.3271012391835934,"_wandb":{"runtime":19},"_timestamp":1.742169871700717e+09,"_runtime":19.486715435,"_step":9}