{"_runtime":75.9098293,"_step":9,"_wandb":{"runtime":75},"train_acc":0.09992592592592593,"val_acc":0.10066666666666667,"train_loss":7771.458498851088,"val_loss":2.3026147206815635,"_timestamp":1.7421468115362551e+09}