{"_runtime":16.306164601,"_step":9,"train_acc":0.7594814814814815,"val_acc":0.7441666666666666,"train_loss":290.4833258605602,"_wandb":{"runtime":16},"val_loss":0.7891898077204497,"_timestamp":1.7421806254074876e+09}