{"train_acc":0.869,"val_acc":0.859,"train_loss":151.3378375671524,"_wandb":{"runtime":37},"val_loss":0.34058270169197236,"_timestamp":1.742173794209148e+09,"_runtime":37.686828946,"_step":9}