{"_step":9,"_wandb":{"runtime":58},"train_acc":0.7727777777777778,"val_acc":0.7553333333333333,"train_loss":539.3139777679578,"val_loss":1.1406007657986559,"_timestamp":1.7421751703335116e+09,"_runtime":58.659200504}