{"_runtime":16.394631588,"_step":9,"_wandb":{"runtime":16},"train_acc":0.838574074074074,"val_acc":0.8368333333333333,"train_loss":209.73124119304325,"val_loss":0.5114112028881791,"_timestamp":1.7421721502085407e+09}