{"_runtime":9.352632401,"_step":9,"train_acc":0.8658888888888889,"val_acc":0.8506666666666667,"train_loss":163.40215182139903,"_wandb":{"runtime":9},"val_loss":0.3956482235758125,"_timestamp":1.7421591031211097e+09}