{"_timestamp":1.7421586745171273e+09,"_runtime":21.334846652,"_step":9,"_wandb":{"runtime":21},"train_acc":0.8222037037037037,"val_acc":0.821,"train_loss":437.58025094384453,"val_loss":0.6590399446796317}