{"_runtime":23.564372153,"_step":9,"_wandb":{"runtime":23},"train_acc":0.8517222222222223,"val_acc":0.8301666666666667,"train_loss":406.4450769874664,"val_loss":0.4142394298912413,"_timestamp":1.7421843708619676e+09}