{"val_loss":0.4829661422244849,"_timestamp":1.7421567866511378e+09,"_wandb":{"runtime":27},"_runtime":27.719473455,"_step":9,"train_acc":0.8413148148148148,"val_acc":0.7971666666666667,"train_loss":208.45863008943854}