{"val_loss":0.5208607040537142,"_timestamp":1.7421549202453613e+09,"_runtime":17.113794091,"_step":9,"_wandb":{"runtime":17},"train_acc":0.8386296296296296,"val_acc":0.8293333333333334,"train_loss":208.65052671806023}