{"_runtime":43.029895253,"_step":9,"train_acc":0.860462962962963,"val_acc":0.844,"_wandb":{"runtime":43},"train_loss":162.92394358298642,"val_loss":0.41537653851102846,"_timestamp":1.7421588097492695e+09}