{"_step":9,"train_acc":0.859537037037037,"val_acc":0.8483333333333334,"train_loss":348.16490760785393,"_wandb":{"runtime":22},"val_loss":0.5249297011323156,"_timestamp":1.7421714018361652e+09,"_runtime":22.384235512}