{"_step":9,"_wandb":{"runtime":26},"train_acc":0.8678888888888889,"val_acc":0.8606666666666667,"train_loss":158.0403676266241,"val_loss":0.4127054291921896,"_timestamp":1.7421699751711006e+09,"_runtime":26.715376647}