{"_timestamp":1.7421710247581987e+09,"_runtime":14.501375944,"_step":9,"_wandb":{"runtime":14},"train_acc":0.8405185185185186,"val_acc":0.8265,"train_loss":396.4739535171651,"val_loss":0.6814441744104158}