{"train_acc":0.8705925925925926,"val_acc":0.852,"train_loss":152.6985886780741,"val_loss":0.369161076246665,"_timestamp":1.742175845550368e+09,"_wandb":{"runtime":23},"_runtime":23.462147497,"_step":9}