{"val_acc":0.8515,"train_loss":407.41946093230035,"val_loss":0.3796755161179031,"_timestamp":1.7421635889151611e+09,"_runtime":38.080311754,"_wandb":{"runtime":38},"_step":9,"train_acc":0.8609814814814815}