{"_step":9,"train_acc":0.8561296296296297,"val_acc":0.8463333333333334,"_wandb":{"runtime":40},"train_loss":345.6330869825925,"val_loss":0.5049223632098098,"_timestamp":1.7421578886542573e+09,"_runtime":40.906224}