{"val_acc":0.1045,"train_loss":971.8280220117529,"val_loss":2.3044715208157167,"_timestamp":1.742156234954619e+09,"_runtime":13.64310947,"_step":9,"_wandb":{"runtime":13},"train_acc":0.09820370370370371}