{"train_acc":0.7789074074074074,"_wandb":{"runtime":11},"val_acc":0.7518333333333334,"train_loss":277.62949931464533,"val_loss":0.6551421592701475,"_timestamp":1.7421634382992358e+09,"_runtime":11.130090412,"_step":9}