{"val_loss":0.4944712343108214,"_timestamp":1.7421851625858335e+09,"_runtime":30.013321187,"_step":9,"train_acc":0.8532962962962963,"val_acc":0.8455,"train_loss":174.62017416187254,"_wandb":{"runtime":30}}