{"train_acc":0.8581481481481481,"val_acc":0.8508333333333333,"train_loss":344.8381772260624,"val_loss":0.5100083138610193,"_wandb":{"runtime":38},"_timestamp":1.7421744358872273e+09,"_runtime":38.466490262,"_step":9}