{"train_acc":0.8564259259259259,"val_acc":0.8393333333333334,"train_loss":176.0988308562196,"val_loss":0.37692400183088265,"_timestamp":1.742160955743281e+09,"_runtime":24.436345174,"_step":9,"_wandb":{"runtime":24}}