{"_wandb":{"runtime":38},"train_acc":0.8539629629629629,"val_acc":0.8431666666666666,"train_loss":352.7216007032196,"val_loss":0.46479289570942556,"_timestamp":1.7421555227757213e+09,"_runtime":38.696498195,"_step":9}