{"train_acc":0.8444814814814815,"val_acc":0.8366666666666667,"train_loss":406.9897997775297,"val_loss":0.6005886279848737,"_wandb":{"runtime":26},"_timestamp":1.7421624580122597e+09,"_runtime":26.007122046,"_step":9}