{"_wandb":{"runtime":29},"_timestamp":1.7421668921318505e+09,"_runtime":29.111056006,"_step":9,"train_acc":0.8282222222222222,"val_acc":0.8136666666666666,"train_loss":444.1723270241009,"val_loss":0.661826085492434}