{"train_loss":722.083970859469,"val_loss":1.7496615574913505,"_timestamp":1.742147843871698e+09,"_runtime":9.382456642,"_step":8,"train_acc":0.4712222222222222,"_wandb":{"runtime":9},"val_acc":0.45516666666666666}