{"_wandb":{"runtime":41},"_step":9,"train_acc":0.8690555555555556,"val_acc":0.8545,"train_loss":328.1342948759166,"val_loss":0.5311022594196916,"_timestamp":1.7421647333107886e+09,"_runtime":41.973929578}