{"_step":9,"train_acc":0.8350555555555556,"val_acc":0.8126666666666666,"train_loss":200.38647146591003,"val_loss":0.5719334599844483,"_timestamp":1.7421586451900482e+09,"_runtime":13.058774003,"_wandb":{"runtime":13}}