{"train_loss":204.63848454343452,"val_loss":0.4318641112342935,"_wandb":{"runtime":16},"_timestamp":1.7421635136932206e+09,"_runtime":16.425248813,"_step":9,"train_acc":0.8398703703703704,"val_acc":0.8226666666666667}