{"val_acc":0.8246666666666667,"_wandb":{"runtime":29},"train_loss":207.41627158146048,"val_loss":0.5669712934559424,"_timestamp":1.74218262097046e+09,"_runtime":29.665978683,"_step":9,"train_acc":0.8287962962962963}