{"train_loss":330.85068913609166,"val_loss":0.44646389334829445,"_timestamp":1.7421546091208823e+09,"_runtime":42.244356997,"_wandb":{"runtime":42},"_step":9,"train_acc":0.868037037037037,"val_acc":0.8553333333333333}