{"train_loss":350.8864017008001,"val_loss":0.40438154155417855,"_timestamp":1.742175241827445e+09,"_runtime":50.09787659,"_step":9,"_wandb":{"runtime":50},"train_acc":0.8614444444444445,"val_acc":0.846}