{"_step":9,"train_acc":0.8490185185185185,"val_acc":0.8441666666666666,"train_loss":184.24909044755802,"val_loss":0.48459729239522276,"_timestamp":1.7421691062046692e+09,"_wandb":{"runtime":30},"_runtime":30.657194246}