{"val_loss":0.8100645768330158,"_wandb":{"runtime":24},"_timestamp":1.7421715857416472e+09,"_runtime":24.219146307,"_step":9,"train_acc":0.7377222222222222,"val_acc":0.7395,"train_loss":329.4357459353522}