{"train_loss":168.21823416296937,"val_loss":0.40622851241518454,"_timestamp":1.74217735704326e+09,"_runtime":9.820117252,"_step":9,"_wandb":{"runtime":9},"train_acc":0.8630925925925926,"val_acc":0.8501666666666666}