{"train_acc":0.851462962962963,"val_acc":0.8198333333333333,"train_loss":187.46817138686728,"val_loss":0.3780735838809902,"_timestamp":1.7421713516452549e+09,"_runtime":15.527605886,"_step":9,"_wandb":{"runtime":15}}