{"_wandb":{"runtime":17},"train_loss":652.3794417819801,"val_loss":1.4252472090932125,"_timestamp":1.7421808928413558e+09,"_runtime":17.371431662,"_step":9,"train_acc":0.7786296296296297,"val_acc":0.769}