{"_step":9,"train_acc":0.8545185185185186,"_wandb":{"runtime":19},"val_acc":0.8403333333333334,"train_loss":348.474375124848,"val_loss":0.45746140350202197,"_timestamp":1.742172737813904e+09,"_runtime":19.803386876}