{"train_acc":0.8549814814814815,"_wandb":{"runtime":14},"val_acc":0.8485,"train_loss":176.26726696435853,"val_loss":0.48142112286382116,"_timestamp":1.7421790490168533e+09,"_runtime":14.876661089,"_step":9}