{"_runtime":12.723054603,"_step":9,"_wandb":{"runtime":12},"train_acc":0.584037037037037,"val_acc":0.5453333333333333,"train_loss":423.33498774516187,"val_loss":0.8870969251142257,"_timestamp":1.7421874679675047e+09}