{"_timestamp":1.7421574462075384e+09,"_runtime":9.675070645,"_step":9,"train_acc":0.7560370370370371,"val_acc":0.7498333333333334,"_wandb":{"runtime":9},"train_loss":292.3131453825391,"val_loss":0.7139212893182495}