{"val_loss":0.3820315294072582,"_timestamp":1.7421832873807762e+09,"_runtime":29.22119315,"_wandb":{"runtime":29},"_step":9,"train_acc":0.8465555555555555,"val_acc":0.8301666666666667,"train_loss":405.5747607345534}