{"_timestamp":1.7421890724852862e+09,"_runtime":57.802784565,"_step":9,"_wandb":{"runtime":57},"train_acc":0.8246111111111111,"val_acc":0.8051666666666667,"train_loss":463.76374150132995,"val_loss":0.7839648269289606}