{"_step":9,"_wandb":{"runtime":29},"train_acc":0.10016666666666667,"val_acc":0.0985,"train_loss":NaN,"val_loss":NaN,"_timestamp":1.7421641037819083e+09,"_runtime":29.420743301999998}