{"val_acc":0.8415,"_wandb":{"runtime":15},"train_loss":384.5905814127514,"val_loss":0.63911145978956,"_timestamp":1.7421845983531573e+09,"_runtime":15.117990546,"_step":9,"train_acc":0.8515}