{"_timestamp":1.7421744509262094e+09,"_runtime":10.377728158,"_wandb":{"runtime":10},"_step":9,"train_acc":0.8328703703703704,"val_acc":0.8098333333333333,"train_loss":199.8777973190966,"val_loss":0.5785885551083203}