{"_wandb":{"runtime":13},"val_acc":0.8293333333333334,"train_loss":200.5912409180369,"val_loss":0.5682122598139261,"_timestamp":1.7421816400097752e+09,"_runtime":13.632075544,"_step":9,"train_acc":0.8307962962962963}