{"_step":9,"train_acc":0.10016666666666667,"val_acc":0.0985,"train_loss":NaN,"val_loss":NaN,"_wandb":{"runtime":42},"_timestamp":1.7421714483363273e+09,"_runtime":42.251833739}