{"_runtime":14.478218115,"_wandb":{"runtime":14},"_step":9,"train_acc":0.863,"val_acc":0.8525,"train_loss":163.9405546249484,"val_loss":0.4684386484298946,"_timestamp":1.7421862238793519e+09}