{"_timestamp":1.7421722919577186e+09,"_runtime":35.238645472,"_step":9,"train_acc":0.7852407407407408,"val_acc":0.7476666666666667,"train_loss":292.1385905971925,"val_loss":0.6551905844153937,"_wandb":{"runtime":35}}