{"train_loss":188.17517052610668,"val_loss":0.5168673848620362,"_timestamp":1.742177726622848e+09,"_runtime":31.422003208,"_step":9,"_wandb":{"runtime":31},"train_acc":0.8470925925925926,"val_acc":0.8446666666666667}