{"val_loss":2.356815920326766,"_wandb":{"runtime":43},"_timestamp":1.742151849982945e+09,"_runtime":43.520705863,"_step":9,"train_acc":0.09833333333333333,"val_acc":0.1,"train_loss":7824.0322207533245}