{"train_loss":NaN,"val_loss":NaN,"_timestamp":1.7421693537430751e+09,"_runtime":41.492910789,"_step":9,"_wandb":{"runtime":41},"train_acc":0.10016666666666667,"val_acc":0.0985}