{"_wandb":{"runtime":8},"val_acc":0.8606666666666667,"train_loss":151.20885836096,"val_loss":0.3946984943169243,"_timestamp":1.7421701330050118e+09,"_runtime":8.475695858,"_step":9,"train_acc":0.8746481481481482}