{"train_acc":0.8500925925925926,"val_acc":0.833,"train_loss":432.60358544308053,"val_loss":0.5615448423003069,"_timestamp":1.742182165555442e+09,"_wandb":{"runtime":60},"_runtime":60.694932178,"_step":9}