{"train_loss":326.24431573931975,"_wandb":{"runtime":42},"val_loss":0.4707905505808881,"_timestamp":1.7421670293240225e+09,"_runtime":42.831833943,"_step":9,"train_acc":0.8681481481481481,"val_acc":0.854}