{"train_acc":0.10055555555555555,"val_acc":0.1045,"train_loss":9239.517079604837,"val_loss":10.352130634055575,"_timestamp":1.7421711249635317e+09,"_runtime":28.879132864,"_step":9,"_wandb":{"runtime":28}}