{"train_acc":0.6641111111111111,"val_acc":0.6681666666666667,"train_loss":872.8079188108559,"val_loss":0.9296655176904104,"_timestamp":1.742146440916175e+09,"_runtime":7.878766021,"_wandb":{"runtime":7},"_step":4}