{"train_loss":48806.27953791677,"val_loss":14.103333707088531,"_timestamp":1.74215289269834e+09,"_runtime":42.433333099,"_step":9,"train_acc":0.10055555555555555,"val_acc":0.1045,"_wandb":{"runtime":42}}