{"_runtime":14.609167369,"_step":9,"_wandb":{"runtime":14},"train_acc":0.8601296296296296,"val_acc":0.8511666666666666,"train_loss":169.4355465941128,"val_loss":0.4856754430056266,"_timestamp":1.7421581036568193e+09}