{"val_acc":0.6865,"train_loss":334.55567578265357,"val_loss":0.9503378664721781,"_timestamp":1.7421807316615036e+09,"_wandb":{"runtime":16},"_runtime":16.201950944,"_step":9,"train_acc":0.7213518518518518}