{"train_acc":0.8328333333333333,"val_acc":0.8275,"train_loss":208.66891164169178,"val_loss":0.5628241815553382,"_timestamp":1.7421736333797703e+09,"_wandb":{"runtime":16},"_runtime":16.744710338,"_step":9}