{"val_loss":0.46948069955763355,"_wandb":{"runtime":30},"_timestamp":1.742161601926732e+09,"_runtime":30.457655973,"_step":9,"train_acc":0.8551296296296297,"val_acc":0.846,"train_loss":177.65519555910805}