{"val_acc":0.8273333333333334,"train_loss":210.5865882685516,"val_loss":0.5735063259452019,"_wandb":{"runtime":17},"_timestamp":1.742188476920109e+09,"_runtime":17.004705764,"_step":9,"train_acc":0.8257592592592593}