{"val_acc":0.1035,"train_loss":12213.216348190046,"_wandb":{"runtime":31},"val_loss":15.110714679023426,"_timestamp":1.7421871339310908e+09,"_runtime":31.264496618,"_step":9,"train_acc":0.10075925925925926}