{"_timestamp":1.7421875046387763e+09,"_runtime":22.555928248,"_step":9,"train_acc":0.8442407407407407,"_wandb":{"runtime":22},"val_acc":0.8298333333333333,"train_loss":375.1103307462577,"val_loss":0.5790760391322882}