{"_runtime":14.488460377,"_step":9,"train_acc":0.8590925925925926,"val_acc":0.8496666666666667,"train_loss":171.8574697613392,"val_loss":0.4781066185740234,"_timestamp":1.7421764311670184e+09,"_wandb":{"runtime":14}}