{"_runtime":14.726306699,"_wandb":{"runtime":14},"_step":9,"train_acc":0.8570925925925926,"val_acc":0.8521666666666666,"train_loss":175.0515767300557,"val_loss":0.5036056876946471,"_timestamp":1.7421726897077794e+09}