{"val_acc":0.8023333333333333,"train_loss":267.3981179719113,"val_loss":0.6324150923622625,"_wandb":{"runtime":42},"_timestamp":1.7421818620324497e+09,"_runtime":42.821190963,"_step":9,"train_acc":0.8025}