{"_timestamp":1.7421705835748603e+09,"_wandb":{"runtime":13},"_runtime":13.439339614,"_step":9,"train_acc":0.8401296296296297,"val_acc":0.8375,"train_loss":193.14777896197228,"val_loss":0.5650898104690214}