{"train_loss":1250.5104465695792,"val_loss":0.7406801769206388,"_timestamp":1.7421519212591972e+09,"_runtime":19.059749205,"_step":4,"_wandb":{"runtime":19},"train_acc":0.7496481481481482,"val_acc":0.75}