{"train_acc":0.8413703703703703,"val_acc":0.8316666666666667,"_wandb":{"runtime":14},"train_loss":399.30186653854435,"val_loss":0.5155008050829365,"_timestamp":1.7421587332069688e+09,"_runtime":14.796739987,"_step":9}