{"_step":9,"train_acc":0.6816851851851852,"val_acc":0.6928333333333333,"_wandb":{"runtime":15},"train_loss":373.6808991489932,"val_loss":0.8832201269119871,"_timestamp":1.7421841329009745e+09,"_runtime":15.303774884}