{"train_acc":0.8288518518518518,"val_acc":0.8201666666666667,"train_loss":199.6271480208151,"val_loss":0.5918668383644617,"_wandb":{"runtime":26},"_timestamp":1.742184578143878e+09,"_runtime":26.838073859,"_step":9}