{"train_acc":0.10024074074074074,"val_acc":0.10066666666666667,"train_loss":5485.28870752892,"val_loss":6.479304209466484,"_timestamp":1.7421860796824803e+09,"_wandb":{"runtime":8},"_runtime":8.990685512,"_step":9}