{"val_acc":0.812,"train_loss":214.7028674824393,"_wandb":{"runtime":35},"val_loss":0.5581979431489755,"_timestamp":1.742153832764334e+09,"_runtime":35.790292186,"_step":9,"train_acc":0.8210555555555555}