{"val_loss":2.2887256087367276,"_timestamp":1.7421569292713423e+09,"_runtime":32.311376,"_step":9,"train_acc":0.2845740740740741,"_wandb":{"runtime":32},"val_acc":0.21733333333333332,"train_loss":1932.1529584942343}