{"_timestamp":1.7421862607661526e+09,"_runtime":23.460946322,"_step":9,"train_acc":0.8195185185185185,"val_acc":0.8136666666666666,"train_loss":470.46331933328264,"_wandb":{"runtime":23},"val_loss":0.9899177815727249}