{"_runtime":16.105396594,"_step":9,"_wandb":{"runtime":16},"train_acc":0.8581851851851852,"val_acc":0.8318333333333333,"train_loss":174.25761304123884,"val_loss":0.4268110153768543,"_timestamp":1.7421569504450493e+09}