{"_wandb":{"runtime":16},"val_loss":2.3191495051244124,"_timestamp":1.7421861034479961e+09,"_runtime":16.290116199,"_step":9,"train_acc":0.09988888888888889,"val_acc":0.1045,"train_loss":1945.3168722615583}