{"_step":9,"train_acc":0.8457777777777777,"val_acc":0.8396666666666667,"train_loss":189.78709530187655,"_wandb":{"runtime":10},"val_loss":0.4771010940711516,"_timestamp":1.742165065530049e+09,"_runtime":10.21885928}