{"train_loss":943.2205148021742,"val_loss":2.2367945822908495,"_timestamp":1.742151888643149e+09,"_runtime":12.978079674,"_step":9,"train_acc":0.21568518518518517,"_wandb":{"runtime":12},"val_acc":0.23583333333333334}