{"val_loss":0.4886609940378352,"_timestamp":1.742172545550035e+09,"_runtime":10.201426876,"_step":9,"train_acc":0.8468333333333333,"_wandb":{"runtime":10},"val_acc":0.8405,"train_loss":193.2127591397648}