{"train_loss":159.0417175154692,"val_loss":0.416360546127304,"_timestamp":1.742173974828134e+09,"_runtime":26.573025556,"_wandb":{"runtime":26},"_step":9,"train_acc":0.8673888888888889,"val_acc":0.8606666666666667}