{"val_acc":0.8511666666666666,"_wandb":{"runtime":14},"train_loss":172.8198468028835,"val_loss":0.45674485141315985,"_timestamp":1.7421742726358914e+09,"_runtime":14.662598322000001,"_step":9,"train_acc":0.8563888888888889}