{"_step":9,"train_acc":0.8476481481481482,"val_acc":0.8395,"train_loss":454.69093073277077,"_wandb":{"runtime":22},"val_loss":0.5369450528839175,"_timestamp":1.742171004914991e+09,"_runtime":22.200406047}