{"val_acc":0.8378333333333333,"train_loss":352.42848005707566,"_wandb":{"runtime":18},"val_loss":0.5968627170332591,"_timestamp":1.7421606874513054e+09,"_runtime":18.810575905,"_step":9,"train_acc":0.8535555555555555}