{"_runtime":10.380463643,"_step":9,"train_acc":0.8241111111111111,"val_acc":0.819,"train_loss":215.09405325415736,"val_loss":0.6197056036538379,"_timestamp":1.7421582284241855e+09,"_wandb":{"runtime":10}}