{"_step":9,"_wandb":{"runtime":9},"train_acc":0.8019814814814815,"val_acc":0.8038333333333333,"train_loss":251.81684944426033,"val_loss":0.6441570601452372,"_timestamp":1.7421587112625093e+09,"_runtime":9.576990249}