{"_timestamp":1.7421689260293906e+09,"_runtime":22.434032262,"_step":9,"train_acc":0.11798148148148148,"_wandb":{"runtime":22},"val_acc":0.1045,"train_loss":970.8455472040012,"val_loss":2.30229262924439}