{"_timestamp":1.742168896466348e+09,"_runtime":14.11879732,"_step":9,"train_acc":0.8564074074074074,"val_acc":0.843,"train_loss":177.4444848726689,"val_loss":0.4778697105588508,"_wandb":{"runtime":14}}