{"val_acc":0.82,"train_loss":176.9991702924989,"val_loss":0.527794592812602,"_timestamp":1.7421670694805696e+09,"_runtime":14.006300313,"_step":9,"_wandb":{"runtime":14},"train_acc":0.856925925925926}