{"_timestamp":1.7421636580427969e+09,"_runtime":11.258020032,"_step":9,"train_acc":0.3965,"val_acc":0.4603333333333333,"train_loss":915.2607581744247,"_wandb":{"runtime":11},"val_loss":2.126119086385646}