{"_wandb":{"runtime":16},"val_acc":0.8703333333333333,"train_loss":258.67478677135404,"val_loss":0.19459740369353687,"_timestamp":1.7421550626432476e+09,"_runtime":16.361969932,"_step":9,"train_acc":0.8895}