{"_timestamp":1.7421480184550955e+09,"_runtime":36.521909367,"_step":4,"train_acc":0.09846296296296296,"val_acc":0.10066666666666667,"train_loss":46392.5530713825,"val_loss":14.103333707088531,"_wandb":{"runtime":36}}