{"train_acc":0.8465,"val_acc":0.8076666666666666,"train_loss":371.91347656051784,"val_loss":0.5078220627786801,"_timestamp":1.742173119552658e+09,"_runtime":27.326864448,"_step":9,"_wandb":{"runtime":27}}