{"_timestamp":1.7421758982178748e+09,"_runtime":39.20819571,"_wandb":{"runtime":39},"_step":9,"train_acc":0.7254814814814815,"val_acc":0.716,"train_loss":679.150592937533,"val_loss":0.8024792101599457}