{"_wandb":{"runtime":44},"val_acc":0.8226666666666667,"train_loss":523.5947292652455,"val_loss":0.8776937953660555,"_timestamp":1.742157555257861e+09,"_runtime":44.163679548,"_step":9,"train_acc":0.8457037037037037}