{"val_acc":0.854,"_wandb":{"runtime":43},"train_loss":329.6133371078076,"val_loss":0.48358718744414864,"_timestamp":1.742189352893795e+09,"_runtime":43.971084881,"_step":9,"train_acc":0.8673518518518518}