{"_timestamp":1.7421643378935268e+09,"_runtime":28.277720981,"_step":9,"_wandb":{"runtime":28},"train_acc":0.8914444444444445,"val_acc":0.8658333333333333,"train_loss":253.59074390115327,"val_loss":0.2113374816858832}