{"val_acc":0.7881666666666667,"train_loss":587.633429975078,"val_loss":0.7542611629971879,"_timestamp":1.742171957647772e+09,"_runtime":42.640047221,"_step":9,"train_acc":0.7851851851851852,"_wandb":{"runtime":42}}