{"_timestamp":1.742158463648334e+09,"_runtime":14.07968822,"_step":9,"train_acc":0.856037037037037,"val_acc":0.8355,"train_loss":175.2499710892299,"val_loss":0.45149318706613234,"_wandb":{"runtime":14}}