{"train_acc":0.6749074074074074,"val_acc":0.6801666666666667,"train_loss":364.016520882447,"val_loss":0.8877761894290529,"_timestamp":1.7421840137150502e+09,"_wandb":{"runtime":13},"_runtime":13.319951364,"_step":9}