{"_runtime":61.656745997,"_step":9,"train_acc":0.8368888888888889,"val_acc":0.8293333333333334,"train_loss":523.7300722480437,"val_loss":0.7792012291998701,"_wandb":{"runtime":61},"_timestamp":1.7421840828870132e+09}