{"_runtime":14.444151827,"_step":9,"_wandb":{"runtime":14},"train_acc":0.8444444444444444,"val_acc":0.8371666666666666,"train_loss":388.9881433987167,"val_loss":0.6447019608456942,"_timestamp":1.7421667604916158e+09}