{"train_loss":1508.7876587228411,"val_loss":1.6678504506318685,"_timestamp":1.7421734242849042e+09,"_runtime":22.412622313,"_step":9,"train_acc":0.20637037037037037,"val_acc":0.21233333333333335,"_wandb":{"runtime":22}}