{"_timestamp":1.74215747414084e+09,"_runtime":21.761120559,"_step":9,"train_acc":0.8575185185185186,"val_acc":0.8466666666666667,"_wandb":{"runtime":21},"train_loss":422.7853366511188,"val_loss":0.429626389715321}