{"train_loss":173.40092089229304,"val_loss":0.4050363921335878,"_timestamp":1.7421792945993376e+09,"_runtime":24.529425407,"_step":9,"train_acc":0.8575,"val_acc":0.8338333333333333,"_wandb":{"runtime":24}}