{"train_acc":0.869537037037037,"val_acc":0.8543333333333333,"train_loss":159.9018553091063,"val_loss":0.3823708028415726,"_wandb":{"runtime":13},"_timestamp":1.7421795879044216e+09,"_runtime":13.471626801,"_step":9}