{"_runtime":30.483581981,"_step":9,"train_acc":0.09870370370370371,"val_acc":0.0985,"train_loss":1943.429880560777,"_wandb":{"runtime":30},"val_loss":2.3027151739791605,"_timestamp":1.7421637145812738e+09}