{"train_loss":217.35623385048856,"val_loss":0.6321764679671285,"_timestamp":1.7421866694798906e+09,"_runtime":9.675931081,"_step":9,"_wandb":{"runtime":9},"train_acc":0.8195185185185185,"val_acc":0.8158333333333333}