{"train_acc":0.8695,"val_acc":0.8543333333333333,"train_loss":156.78527390678866,"val_loss":0.36418209250658506,"_wandb":{"runtime":13},"_timestamp":1.7421725652970116e+09,"_runtime":13.694184536,"_step":9}