{"train_loss":159.08465876465456,"val_loss":0.3830440442746474,"_wandb":{"runtime":14},"_timestamp":1.7421575841863346e+09,"_runtime":14.684233875,"_step":9,"train_acc":0.8688333333333333,"val_acc":0.8503333333333334}