{"val_acc":0.8433333333333334,"train_loss":159.0269047448976,"_wandb":{"runtime":34},"val_loss":0.4265007623837704,"_timestamp":1.7421542602309492e+09,"_runtime":34.044941648,"_step":9,"train_acc":0.8649444444444444}