{"_timestamp":1.742183201615557e+09,"_runtime":28.285440314,"_step":9,"train_acc":0.8136111111111111,"val_acc":0.802,"train_loss":223.9690975229854,"val_loss":0.6341993647055276,"_wandb":{"runtime":28}}