{"val_acc":0.8316666666666667,"train_loss":179.80268282148583,"val_loss":0.49418503165389477,"_timestamp":1.7421648068139265e+09,"_runtime":14.425498255,"_step":9,"_wandb":{"runtime":14},"train_acc":0.8558888888888889}