{"_runtime":16.897614171,"_step":9,"train_acc":0.7025740740740741,"val_acc":0.7343333333333333,"train_loss":619.1908569522972,"val_loss":0.7920967556136826,"_timestamp":1.742168691049637e+09,"_wandb":{"runtime":16}}