{"_timestamp":1.7421636385499356e+09,"_runtime":13.786589015,"_step":9,"train_acc":0.8334444444444444,"_wandb":{"runtime":13},"val_acc":0.8283333333333334,"train_loss":201.19953529420488,"val_loss":0.519263105083295}