{"train_acc":0.09870370370370371,"val_acc":0.0985,"train_loss":1943.4302844124597,"_wandb":{"runtime":24},"val_loss":2.3027171491560448,"_timestamp":1.7421464789545054e+09,"_runtime":24.484504269,"_step":9}