{"_runtime":14.437757407,"_step":9,"train_acc":0.4223703703703704,"val_acc":0.428,"_wandb":{"runtime":14},"train_loss":909.6730196701548,"val_loss":2.13917656894928,"_timestamp":1.74214826395296e+09}