{"train_acc":0.10075925925925926,"val_acc":0.098,"train_loss":8275.404005738945,"val_loss":2.4296041684926566,"_timestamp":1.7421481102208471e+09,"_runtime":22.877396806,"_step":4,"_wandb":{"runtime":22}}