{"val_loss":0.41327400367922545,"_timestamp":1.7421607379313228e+09,"_runtime":42.0121755,"_step":9,"_wandb":{"runtime":42},"train_acc":0.8670740740740741,"val_acc":0.853,"train_loss":328.9422825388654}