{"train_acc":0.848574074074074,"val_acc":0.8421666666666666,"train_loss":185.41649980147656,"val_loss":0.4970321899110394,"_wandb":{"runtime":32},"_timestamp":1.7421576708735502e+09,"_runtime":32.712936527,"_step":9}