{"train_loss":331.4145524338588,"val_loss":0.5125232325778063,"_wandb":{"runtime":42},"_timestamp":1.7421611746285806e+09,"_runtime":42.07166349,"_step":9,"train_acc":0.8638148148148148,"val_acc":0.8483333333333334}