{"val_acc":0.8385,"train_loss":163.0178563863134,"val_loss":0.4182328600988806,"_timestamp":1.7421521257642663e+09,"_runtime":68.849809085,"_wandb":{"runtime":68},"_step":9,"train_acc":0.859574074074074}