{"train_loss":177.2910732589964,"val_loss":0.4774366124118581,"_timestamp":1.7421678123472507e+09,"_runtime":14.317634222,"_step":9,"_wandb":{"runtime":14},"train_acc":0.8586851851851852,"val_acc":0.8361666666666666}