{"_wandb":{"runtime":8},"train_acc":0.8769444444444444,"val_acc":0.8591666666666666,"train_loss":146.85454240978845,"val_loss":0.3810863319536317,"_timestamp":1.7421579036587372e+09,"_runtime":8.628437842,"_step":9}