{"_timestamp":1.7421842163067894e+09,"_runtime":24.010625406,"_step":9,"_wandb":{"runtime":24},"train_acc":0.8596111111111111,"val_acc":0.8433333333333334,"train_loss":346.9065834669019,"val_loss":0.41099038479719496}