{"val_loss":0.48391262699088455,"_wandb":{"runtime":46},"_timestamp":1.742188021798945e+09,"_runtime":46.915772979,"_step":9,"train_acc":0.839574074074074,"val_acc":0.8091666666666667,"train_loss":189.54668617914274}