{"_step":9,"train_acc":0.7698703703703703,"val_acc":0.7665,"train_loss":279.9834738991469,"_wandb":{"runtime":16},"val_loss":0.7879633299918279,"_timestamp":1.742178333631921e+09,"_runtime":16.387755}