{"train_loss":527.3511793195044,"val_loss":0.6971773862532303,"_timestamp":1.7421668584076421e+09,"_runtime":48.205434128,"_wandb":{"runtime":48},"_step":9,"train_acc":0.8338703703703704,"val_acc":0.8183333333333334}