{"train_loss":154.85455067390077,"val_loss":0.3993655056402058,"_timestamp":1.7421640015941029e+09,"_runtime":23.61664065,"_wandb":{"runtime":23},"_step":9,"train_acc":0.8675185185185185,"val_acc":0.8488333333333333}