{"val_acc":0.7476666666666667,"train_loss":284.4312786202036,"val_loss":0.7373803060725331,"_timestamp":1.742167918827261e+09,"_runtime":28.671392522,"_step":9,"_wandb":{"runtime":28},"train_acc":0.7650555555555556}