{"val_acc":0.8475,"train_loss":164.93736077523462,"val_loss":0.4279413786444361,"_timestamp":1.7421867864640193e+09,"_wandb":{"runtime":14},"_runtime":14.209441641,"_step":9,"train_acc":0.8632592592592593}