{"_timestamp":1.742163307156448e+09,"_runtime":24.027447567,"_step":9,"train_acc":0.8150740740740741,"_wandb":{"runtime":24},"val_acc":0.8155,"train_loss":218.0173277752479,"val_loss":0.6012984526543536}