{"train_acc":0.861037037037037,"val_acc":0.8473333333333334,"train_loss":347.8221144715979,"val_loss":0.5521738414643155,"_wandb":{"runtime":22},"_timestamp":1.7421582569297569e+09,"_runtime":22.31864177,"_step":9}