{"_wandb":{"runtime":57},"_step":9,"train_acc":0.7125555555555556,"val_acc":0.7986666666666666,"train_loss":880.8359605002275,"val_loss":1.068462269351879,"_timestamp":1.7421870965918508e+09,"_runtime":57.123612989}