{"train_loss":198.7059006200359,"val_loss":0.5135135635787033,"_timestamp":1.7421856334586928e+09,"_runtime":23.45039818,"_wandb":{"runtime":23},"_step":9,"train_acc":0.8376111111111111,"val_acc":0.8161666666666667}