{"val_acc":0.8543333333333333,"train_loss":165.6456533114934,"val_loss":0.4471921947119086,"_timestamp":1.7421771806372108e+09,"_runtime":14.639403843,"_wandb":{"runtime":14},"_step":9,"train_acc":0.8629259259259259}