{"train_loss":411.2916433425395,"val_loss":0.5489101095571673,"_timestamp":1.7421776579587343e+09,"_runtime":23.665089803,"_step":9,"train_acc":0.8501111111111112,"val_acc":0.8446666666666667,"_wandb":{"runtime":23}}