{"_step":9,"train_acc":0.8495925925925926,"val_acc":0.8465,"train_loss":180.04843944641328,"val_loss":0.49713982844658094,"_timestamp":1.7421761943672693e+09,"_runtime":25.144460285,"_wandb":{"runtime":25}}