{"val_loss":0.5417669010496503,"_timestamp":1.7421822102856991e+09,"_wandb":{"runtime":30},"_runtime":30.64375586,"_step":9,"train_acc":0.8330555555555555,"val_acc":0.8266666666666667,"train_loss":201.01332437753564}