{"_step":9,"train_acc":0.8518703703703704,"val_acc":0.8421666666666666,"train_loss":428.00131327284333,"val_loss":0.7247823710899844,"_wandb":{"runtime":44},"_timestamp":1.742154520628806e+09,"_runtime":44.910353501}