{"val_acc":0.8615,"train_loss":300.81906801999105,"val_loss":0.31519730465584717,"_timestamp":1.742175752144955e+09,"_wandb":{"runtime":31},"_runtime":31.731515484,"_step":9,"train_acc":0.8727777777777778}