{"_wandb":{"runtime":23},"val_loss":NaN,"_timestamp":1.7421732649560955e+09,"_runtime":23.334154942,"_step":9,"train_acc":0.10016666666666667,"val_acc":0.0985,"train_loss":NaN}