{"val_acc":0.7713333333333333,"train_loss":548.2946899904476,"val_loss":0.7922316282380448,"_timestamp":1.7421729746265662e+09,"_runtime":16.611199024,"_wandb":{"runtime":16},"_step":9,"train_acc":0.7766296296296297}