{"_timestamp":1.7421824122459261e+09,"_runtime":29.288674837,"_step":9,"train_acc":0.8312037037037037,"_wandb":{"runtime":29},"val_acc":0.8261666666666667,"train_loss":206.01010116772787,"val_loss":0.5521927757131311}