{"train_loss":176.35468683808037,"val_loss":0.4355780094048206,"_timestamp":1.742167367151136e+09,"_wandb":{"runtime":38},"_runtime":38.317614128,"_step":9,"train_acc":0.8527222222222223,"val_acc":0.842}