{"train_loss":159.12715536898585,"val_loss":0.4178966377677484,"_timestamp":1.7421641728814938e+09,"_runtime":23.169205675,"_wandb":{"runtime":23},"_step":9,"train_acc":0.8660740740740741,"val_acc":0.8451666666666666}