{"train_acc":0.8672407407407408,"val_acc":0.8573333333333333,"_wandb":{"runtime":26},"train_loss":158.6893989688887,"val_loss":0.41505142949954216,"_timestamp":1.7421779579279532e+09,"_runtime":26.545057024,"_step":9}