{"_runtime":29.525871019,"_step":9,"_wandb":{"runtime":29},"train_acc":0.10068518518518518,"val_acc":0.1045,"train_loss":971.6786634464107,"val_loss":2.304048192434696,"_timestamp":1.742153299675516e+09}