{"train_acc":0.8656851851851852,"val_acc":0.8558333333333333,"train_loss":158.62962725534803,"val_loss":0.4124438840352867,"_timestamp":1.742177925288029e+09,"_wandb":{"runtime":20},"_runtime":20.768415898,"_step":9}