{"train_loss":971.7649487019086,"val_loss":2.3051614785228085,"_timestamp":1.742152362536015e+09,"_runtime":7.783631356,"_step":6,"train_acc":0.10031481481481481,"val_acc":0.09716666666666667,"_wandb":{"runtime":8}}