{"_step":4,"train_acc":0.6661851851851852,"val_acc":0.6541666666666667,"train_loss":895.620130266717,"val_loss":1.0482071558596049,"_timestamp":1.7421465750499806e+09,"_wandb":{"runtime":14},"_runtime":14.021061058}