{"_runtime":28.7919114,"_wandb":{"runtime":28},"_step":9,"train_acc":0.839,"val_acc":0.8248333333333333,"train_loss":208.09395209154323,"val_loss":0.5613920722498024,"_timestamp":1.7421786936394575e+09}