{"train_acc":0.7488518518518519,"val_acc":0.7725,"train_loss":577.9484980724787,"val_loss":0.7904533673643116,"_wandb":{"runtime":33},"_timestamp":1.7421820317757263e+09,"_runtime":33.770004597,"_step":9}