{"val_acc":0.84,"train_loss":462.52739573645306,"val_loss":0.6473952859620736,"_timestamp":1.7421621096973238e+09,"_wandb":{"runtime":24},"_runtime":24.481581053,"_step":9,"train_acc":0.8458888888888889}