{"_runtime":14.717096845,"_step":9,"train_acc":0.8512962962962963,"_wandb":{"runtime":14},"val_acc":0.8441666666666666,"train_loss":402.59860253642654,"val_loss":0.47574269955038107,"_timestamp":1.74217571328073e+09}