{"val_loss":0.5950425079849294,"_wandb":{"runtime":13},"_timestamp":1.7421586945546775e+09,"_runtime":13.876114489,"_step":9,"train_acc":0.8538888888888889,"val_acc":0.8468333333333333,"train_loss":389.3491367426921}