{"_wandb":{"runtime":14},"train_acc":0.8561666666666666,"val_acc":0.8476666666666667,"train_loss":173.9662865838405,"val_loss":0.4664437779590696,"_timestamp":1.7421737491761496e+09,"_runtime":14.410466674,"_step":9}