{"val_acc":0.8288333333333333,"train_loss":373.6899946981447,"val_loss":0.6144270059236979,"_timestamp":1.742175104042904e+09,"_runtime":61.864446892,"_step":9,"train_acc":0.8440740740740741,"_wandb":{"runtime":61}}