{"_runtime":16.51182776,"_step":9,"_wandb":{"runtime":16},"train_acc":0.8272592592592592,"val_acc":0.8243333333333334,"train_loss":218.58090834991776,"val_loss":0.5651107641514607,"_timestamp":1.7421685621211164e+09}