{"_runtime":49.296945142,"_wandb":{"runtime":49},"_step":9,"train_acc":0.8356481481481481,"val_acc":0.832,"train_loss":526.4829718055106,"val_loss":0.7778216203762401,"_timestamp":1.742186158561407e+09}