{"train_acc":0.8679444444444444,"val_acc":0.8533333333333334,"train_loss":332.7296770608399,"val_loss":0.4613129746890787,"_wandb":{"runtime":41},"_timestamp":1.742160663181127e+09,"_runtime":41.756378257,"_step":9}