{"train_acc":0.8620185185185185,"val_acc":0.8456666666666667,"_wandb":{"runtime":20},"train_loss":378.66747677129626,"val_loss":0.4672650726389623,"_timestamp":1.742186294322467e+09,"_runtime":20.079400533,"_step":9}