{"val_loss":0.4660106121808546,"_timestamp":1.7421546928923147e+09,"_runtime":14.348088747,"_step":9,"_wandb":{"runtime":14},"train_acc":0.856925925925926,"val_acc":0.8253333333333334,"train_loss":177.4081002839698}