{"_step":9,"train_acc":0.7826851851851852,"val_acc":0.7821666666666667,"train_loss":272.0267710125919,"val_loss":0.6975383439048655,"_wandb":{"runtime":9},"_timestamp":1.7421866523937292e+09,"_runtime":9.311393962}