{"_timestamp":1.7421676737250993e+09,"_wandb":{"runtime":24},"_runtime":24.686701642,"_step":9,"train_acc":0.8626481481481482,"val_acc":0.833,"train_loss":170.5616171986063,"val_loss":0.4689921181034938}