{"_step":9,"train_acc":0.8566851851851852,"val_acc":0.8443333333333334,"_wandb":{"runtime":23},"train_loss":348.50497112377735,"val_loss":0.5622251190031352,"_timestamp":1.7421886594122274e+09,"_runtime":23.144233423}