{"_timestamp":1.7421589057277565e+09,"_runtime":22.26149328,"_step":9,"train_acc":0.864037037037037,"val_acc":0.8523333333333334,"_wandb":{"runtime":22},"train_loss":339.9990466897443,"val_loss":0.5028108297123742}