{"val_acc":0.8203333333333334,"train_loss":428.9489007001092,"val_loss":0.6489835947182752,"_timestamp":1.7421646829957025e+09,"_runtime":45.154077405,"_wandb":{"runtime":45},"_step":9,"train_acc":0.8312037037037037}