{"_wandb":{"runtime":25},"val_loss":0.7798338829282956,"_timestamp":1.7421675891243615e+09,"_runtime":25.419988114,"_step":9,"train_acc":0.7467592592592592,"val_acc":0.7406666666666667,"train_loss":308.5863695252884}