{"_runtime":25.809085266,"_wandb":{"runtime":25},"_step":9,"train_acc":0.8908888888888888,"val_acc":0.8658333333333333,"train_loss":259.7244226993108,"val_loss":0.20704649222679983,"_timestamp":1.7421850368964891e+09}