{"train_loss":1943.8465641815621,"val_loss":2.306715019651997,"_timestamp":1.7421746239233685e+09,"_runtime":24.022107453,"_step":9,"train_acc":0.09792592592592593,"val_acc":0.1045,"_wandb":{"runtime":24}}