{"_wandb":{"runtime":47},"val_loss":0.3986629696481369,"_timestamp":1.742184186882081e+09,"_runtime":47.85794114,"_step":9,"train_acc":0.863574074074074,"val_acc":0.8403333333333334,"train_loss":160.1578101919043}