{"_runtime":48.782246883,"_step":9,"train_acc":0.8337222222222223,"val_acc":0.8313333333333334,"train_loss":554.7606458676252,"val_loss":0.648232898043479,"_wandb":{"runtime":48},"_timestamp":1.7421708335191631e+09}