{"_timestamp":1.7421608795381422e+09,"_runtime":38.572258694,"_step":9,"train_acc":0.8534444444444444,"_wandb":{"runtime":38},"val_acc":0.8446666666666667,"train_loss":356.70537716162755,"val_loss":0.43638367547365925}