{"val_acc":0.8488333333333333,"train_loss":345.7549529169854,"val_loss":0.5780309368494081,"_timestamp":1.7421873667788742e+09,"_runtime":39.540584239,"_wandb":{"runtime":39},"_step":9,"train_acc":0.8560925925925926}