{"_step":9,"_wandb":{"runtime":34},"train_acc":0.7152222222222222,"val_acc":0.6683333333333333,"train_loss":369.4511508326642,"val_loss":0.820343189639525,"_timestamp":1.742173939865183e+09,"_runtime":34.680871108}