{"val_loss":0.38617371535595124,"_wandb":{"runtime":10},"_timestamp":1.742161548601169e+09,"_runtime":10.22465061,"_step":9,"train_acc":0.858037037037037,"val_acc":0.8235,"train_loss":173.89260862467128}