{"_step":9,"train_acc":0.5642962962962963,"val_acc":0.5618333333333333,"train_loss":728.4844857391271,"val_loss":1.7155736580345096,"_timestamp":1.7421531210149908e+09,"_runtime":19.852366756,"_wandb":{"runtime":19}}