{"train_acc":0.8260185185185185,"val_acc":0.8335,"_wandb":{"runtime":48},"train_loss":563.6602331358602,"val_loss":1.062962146442297,"_timestamp":1.7421613887514467e+09,"_runtime":48.049196991,"_step":9}