{"_timestamp":1.7421697898674786e+09,"_runtime":23.624935801,"_step":9,"train_acc":0.8676296296296296,"val_acc":0.85,"_wandb":{"runtime":23},"train_loss":155.1877728881625,"val_loss":0.4056178814592809}