{"_runtime":51.457768781,"_step":9,"train_acc":0.792,"val_acc":0.7911666666666667,"train_loss":509.2064781393794,"_wandb":{"runtime":51},"val_loss":0.8650536507261689,"_timestamp":1.7421823231318254e+09}