{"_step":9,"train_acc":0.8638148148148148,"val_acc":0.8501666666666666,"_wandb":{"runtime":84},"train_loss":321.56758639799233,"val_loss":0.4899784321264194,"_timestamp":1.7421745403160708e+09,"_runtime":84.290835758}