{"_runtime":14.700370121,"_wandb":{"runtime":14},"_step":9,"train_acc":0.857037037037037,"val_acc":0.8478333333333333,"train_loss":171.19111117464294,"val_loss":0.4537972577909341,"_timestamp":1.742169305824637e+09}