{"val_loss":0.5720101350794137,"_timestamp":1.7421614083575518e+09,"_runtime":14.299726891,"_step":9,"_wandb":{"runtime":14},"train_acc":0.8267777777777777,"val_acc":0.8276666666666667,"train_loss":206.9398666937654}