{"_runtime":14.763562879,"_step":9,"train_acc":0.8618333333333333,"val_acc":0.8501666666666666,"_wandb":{"runtime":14},"train_loss":168.19250542666524,"val_loss":0.3992010903999356,"_timestamp":1.7421859475270443e+09}