{"val_acc":0.8526666666666667,"train_loss":327.9851934554763,"val_loss":0.3967010513386097,"_timestamp":1.7421560683135002e+09,"_runtime":53.097633098,"_step":9,"_wandb":{"runtime":53},"train_acc":0.8684259259259259}