{"train_loss":2203.205271736802,"val_loss":5.529560637930798,"_timestamp":1.7421478878163354e+09,"_runtime":4.336797309,"_step":4,"_wandb":{"runtime":4},"train_acc":0.10085185185185185,"val_acc":0.10066666666666667}