{"_wandb":{"runtime":29},"train_loss":425.28476828563606,"val_loss":0.6071271010197122,"_timestamp":1.7421545534421546e+09,"_runtime":29.332176179,"_step":9,"train_acc":0.8389814814814814,"val_acc":0.8291666666666667}