{"train_loss":281.63053599913667,"val_loss":0.7309293222051529,"_timestamp":1.7421534594551032e+09,"_runtime":26.245385947,"_step":9,"train_acc":0.7662962962962963,"val_acc":0.7638333333333334,"_wandb":{"runtime":26}}