{"val_loss":0.4657605579594836,"_timestamp":1.7421850695071082e+09,"_runtime":27.017504901,"_step":9,"train_acc":0.8593518518518518,"val_acc":0.8506666666666667,"_wandb":{"runtime":27},"train_loss":342.8616386491292}