{"train_acc":0.864574074074074,"val_acc":0.8486666666666667,"train_loss":164.15448370380543,"val_loss":0.46881203027721646,"_timestamp":1.7421649094948657e+09,"_runtime":9.819496099,"_wandb":{"runtime":9},"_step":9}