{"_runtime":19.481754898,"_step":9,"train_acc":0.8490555555555556,"val_acc":0.8378333333333333,"train_loss":366.3684320094453,"val_loss":0.471286906269831,"_wandb":{"runtime":19},"_timestamp":1.7421787641979547e+09}