{"_wandb":{"runtime":24},"_timestamp":1.742168142917021e+09,"_runtime":24.470721304,"_step":9,"train_acc":0.8611666666666666,"val_acc":0.8403333333333334,"train_loss":171.5513128026997,"val_loss":0.4698555254601068}