{"_wandb":{"runtime":26},"_runtime":26.030646085,"_step":9,"train_acc":0.8218148148148148,"val_acc":0.8018333333333333,"train_loss":201.81068434759067,"val_loss":0.5700712576955255,"_timestamp":1.7421614946944633e+09}