{"val_loss":0.44543946014298286,"_timestamp":1.7421670931869328e+09,"_runtime":15.633362735,"_step":9,"train_acc":0.8352777777777778,"val_acc":0.7778333333333334,"train_loss":214.9640682648362,"_wandb":{"runtime":15}}