{"_runtime":44.92602309,"_step":9,"_wandb":{"runtime":44},"train_acc":0.8408703703703704,"val_acc":0.833,"train_loss":518.4070255691548,"val_loss":0.5570808386600311,"_timestamp":1.7421567026590638e+09}