{"_runtime":22.740631721,"_step":9,"train_acc":0.8593333333333333,"val_acc":0.8476666666666667,"train_loss":347.3046521749102,"val_loss":0.5545073894671176,"_timestamp":1.7421888348240743e+09,"_wandb":{"runtime":22}}