{"val_loss":0.4190599149763359,"_timestamp":1.7421799777266681e+09,"_runtime":24.06212026,"_step":9,"train_acc":0.8677407407407407,"val_acc":0.8461666666666666,"_wandb":{"runtime":24},"train_loss":156.51407510807402}