{"val_acc":0.8413333333333334,"train_loss":383.7870190011498,"val_loss":0.6217504907704522,"_timestamp":1.7421683620293636e+09,"_runtime":25.066480053,"_step":9,"_wandb":{"runtime":25},"train_acc":0.8492407407407407}