{"val_acc":0.8388333333333333,"train_loss":193.38428916541716,"val_loss":0.5229809311574648,"_timestamp":1.7421782294642115e+09,"_runtime":30.580454697,"_wandb":{"runtime":30},"_step":9,"train_acc":0.8419444444444445}