{"_runtime":23.627824571,"_step":9,"_wandb":{"runtime":23},"train_acc":0.8608518518518519,"val_acc":0.8478333333333333,"train_loss":341.51842551507616,"val_loss":0.5077387824714465,"_timestamp":1.7421565266377182e+09}