{"_runtime":16.142305031,"_step":9,"_wandb":{"runtime":16},"train_acc":0.5582592592592592,"val_acc":0.5548333333333333,"train_loss":1051.0121477281996,"val_loss":1.3851437584706445,"_timestamp":1.742159254911664e+09}