{"_timestamp":1.7421774082922823e+09,"_runtime":44.823002034,"_step":9,"train_acc":0.8621111111111112,"val_acc":0.8398333333333333,"train_loss":161.1637774197988,"_wandb":{"runtime":44},"val_loss":0.3720688896234101}