{"_runtime":19.150835323,"_step":9,"_wandb":{"runtime":19},"train_acc":0.8032407407407407,"val_acc":0.7995,"train_loss":227.38526087401334,"val_loss":0.5996866384086909,"_timestamp":1.7421826472391086e+09}