{"train_acc":0.8059074074074074,"val_acc":0.8055,"train_loss":229.0472435457351,"val_loss":0.7551520813174533,"_wandb":{"runtime":24},"_timestamp":1.7421763859160123e+09,"_runtime":24.231462453,"_step":9}