{"_timestamp":1.7421864390757005e+09,"_runtime":83.812262362,"_step":9,"_wandb":{"runtime":83},"train_acc":0.8644814814814815,"val_acc":0.8463333333333334,"train_loss":321.69105784483304,"val_loss":0.4758757450114485}