{"_runtime":29.03406007,"_step":9,"_wandb":{"runtime":29},"train_acc":0.8444814814814815,"val_acc":0.8418333333333333,"train_loss":189.3604043891078,"val_loss":0.5030853955964638,"_timestamp":1.7421757869317389e+09}