{"_runtime":28.336703355,"_step":9,"_wandb":{"runtime":28},"train_acc":0.8921481481481481,"val_acc":0.8651666666666666,"train_loss":250.8988376380392,"val_loss":0.17838146460077664,"_timestamp":1.7421644989360342e+09}