{"train_acc":0.6639444444444444,"val_acc":0.6628333333333334,"train_loss":1027.706961317014,"val_loss":1.2654510953833003,"_timestamp":1.7421532344771838e+09,"_runtime":48.328385495,"_step":9,"_wandb":{"runtime":48}}