{"val_loss":0.3478176862361036,"_timestamp":1.7421672269453561e+09,"_runtime":21.270852672,"_step":9,"train_acc":0.8827777777777778,"_wandb":{"runtime":21},"val_acc":0.8588333333333333,"train_loss":135.26347613494335}