{"train_acc":0.5422407407407407,"val_acc":0.5355,"train_loss":526.9880452648607,"val_loss":1.2448507617815758,"_timestamp":1.7421562937801738e+09,"_runtime":8.349528423,"_wandb":{"runtime":8},"_step":9}