{"val_loss":0.4856876258359118,"_timestamp":1.7421551885984044e+09,"_runtime":24.179297796,"_wandb":{"runtime":24},"_step":9,"train_acc":0.8529074074074074,"val_acc":0.8506666666666667,"train_loss":174.74993061515167}