{"_step":9,"train_acc":0.7973333333333333,"_wandb":{"runtime":16},"val_acc":0.7875,"train_loss":242.55993841729844,"val_loss":0.6252809973160717,"_timestamp":1.7421547641760967e+09,"_runtime":16.212817219}