{"train_loss":646.2926615558728,"val_loss":0.941877840476887,"_wandb":{"runtime":49},"_timestamp":1.7421741745347953e+09,"_runtime":49.790866553,"_step":9,"train_acc":0.7660925925925925,"val_acc":0.8016666666666666}