{"_timestamp":1.7421835253943408e+09,"_runtime":12.026937236,"_step":9,"train_acc":0.8847222222222222,"val_acc":0.8705,"_wandb":{"runtime":12},"train_loss":135.62727929948707,"val_loss":0.30603951352443853}