{"val_loss":0.8976533257481586,"_timestamp":1.7421623946967607e+09,"_runtime":47.549831048,"_step":9,"train_acc":0.8352222222222222,"_wandb":{"runtime":47},"val_acc":0.814,"train_loss":526.2341667588837}