{"train_acc":0.859,"_wandb":{"runtime":49},"val_acc":0.85,"train_loss":359.43760953112786,"val_loss":0.5247680375053125,"_timestamp":1.742178612192287e+09,"_runtime":49.226140389,"_step":9}