{"val_acc":0.8571666666666666,"_wandb":{"runtime":42},"train_loss":330.39558550726736,"val_loss":0.4630682523584162,"_timestamp":1.7421672004590354e+09,"_runtime":42.655323627,"_step":9,"train_acc":0.8674444444444445}