{"_timestamp":1.742189203827946e+09,"_runtime":24.199886693,"_step":9,"train_acc":0.8537407407407407,"_wandb":{"runtime":24},"val_acc":0.8453333333333334,"train_loss":406.63980554797814,"val_loss":0.5928026318576112}