{"train_loss":943.8306016292847,"val_loss":2.2220556367410493,"_timestamp":1.7421680435771093e+09,"_runtime":11.3213083,"_wandb":{"runtime":11},"_step":9,"train_acc":0.42335185185185187,"val_acc":0.42816666666666664}