{"val_loss":0.6772172335734034,"_timestamp":1.7421628607142417e+09,"_runtime":48.835671459,"_wandb":{"runtime":48},"_step":9,"train_acc":0.835,"val_acc":0.8288333333333333,"train_loss":519.6867549071776}