{"_step":9,"train_acc":0.8655,"val_acc":0.8503333333333334,"_wandb":{"runtime":9},"train_loss":167.24738018153343,"val_loss":0.41572182671721475,"_timestamp":1.7421835394072888e+09,"_runtime":9.527179285}