{"_wandb":{"runtime":28},"_timestamp":1.7421694689210436e+09,"_runtime":28.32926962,"_step":9,"train_acc":0.1012037037037037,"val_acc":0.1045,"train_loss":1947.1875821522876,"val_loss":2.3333392269946374}