{"val_loss":11.714701875912018,"_timestamp":1.7421878332102816e+09,"_runtime":18.867601094,"_step":9,"_wandb":{"runtime":18},"train_acc":0.09911111111111111,"val_acc":0.1045,"train_loss":11411.39732852333}