{"train_acc":0.8437962962962963,"val_acc":0.8403333333333334,"train_loss":375.5648107150099,"val_loss":0.4727643007665126,"_timestamp":1.7421810471655152e+09,"_runtime":21.091416005,"_step":9,"_wandb":{"runtime":21}}