{"val_acc":0.809,"train_loss":223.44336295925407,"val_loss":0.710237749777618,"_wandb":{"runtime":23},"_timestamp":1.7421581771249685e+09,"_runtime":23.972507474,"_step":9,"train_acc":0.8132037037037037}