{"_wandb":{"runtime":31},"train_acc":0.8778333333333334,"val_acc":0.8568333333333333,"train_loss":285.3047117237544,"val_loss":0.29725235574162073,"_timestamp":1.7421748977831059e+09,"_runtime":31.199055962,"_step":9}