{"train_acc":0.8637407407407407,"val_acc":0.8486666666666667,"_wandb":{"runtime":26},"train_loss":161.01750479555386,"val_loss":0.4001672893440759,"_timestamp":1.7421885924870353e+09,"_runtime":26.563145844,"_step":9}