{"_runtime":16.565693875,"_step":9,"train_acc":0.8344259259259259,"val_acc":0.8291666666666667,"train_loss":208.81166732866626,"val_loss":0.5445975814003713,"_timestamp":1.7421766590233598e+09,"_wandb":{"runtime":16}}