{"val_acc":0.0985,"train_loss":NaN,"val_loss":NaN,"_timestamp":1.7421869849152412e+09,"_runtime":57.385043505,"_wandb":{"runtime":57},"_step":9,"train_acc":0.10016666666666667}