{"_runtime":31.709125485,"_step":9,"_wandb":{"runtime":31},"train_acc":0.8528333333333333,"val_acc":0.8456666666666667,"train_loss":178.6218418744919,"val_loss":0.4196525711437361,"_timestamp":1.7421892641744437e+09}