{"val_acc":0.7398333333333333,"_wandb":{"runtime":19},"train_loss":311.1311149146572,"val_loss":0.6769033746886147,"_timestamp":1.7421481340292113e+09,"_runtime":19.248073146,"_step":9,"train_acc":0.7514444444444445}