{"val_acc":0.7463333333333333,"train_loss":303.9543507412445,"val_loss":0.6493458067402977,"_wandb":{"runtime":12},"_timestamp":1.7421700622455263e+09,"_runtime":12.089482448,"_step":9,"train_acc":0.7744814814814814}