{"_wandb":{"runtime":34},"val_acc":0.7873333333333333,"train_loss":495.45394514561957,"val_loss":0.7212889799383658,"_timestamp":1.742186063124105e+09,"_runtime":34.079784715,"_step":9,"train_acc":0.7913703703703704}