{"_step":9,"_wandb":{"runtime":16},"train_acc":0.8388333333333333,"val_acc":0.823,"train_loss":205.26077802556256,"val_loss":0.49282905192273546,"_timestamp":1.7421799481606612e+09,"_runtime":16.695530611}