{"val_acc":0.8086666666666666,"train_loss":202.1675792992674,"val_loss":0.5304288573569139,"_timestamp":1.742160773119443e+09,"_runtime":28.696260724,"_step":9,"_wandb":{"runtime":28},"train_acc":0.8412962962962963}