{"train_acc":0.8566296296296296,"val_acc":0.8136666666666666,"train_loss":178.47454453184577,"_wandb":{"runtime":14},"val_loss":0.47968563888329474,"_timestamp":1.7421548956201262e+09,"_runtime":14.302410658,"_step":9}