{"_step":9,"train_acc":0.8317962962962963,"val_acc":0.8256666666666667,"train_loss":208.45551296520813,"val_loss":0.5948937788329902,"_timestamp":1.7421870007412446e+09,"_runtime":10.342318285,"_wandb":{"runtime":10}}