{"train_acc":0.8452037037037037,"_wandb":{"runtime":23},"val_acc":0.834,"train_loss":461.66585558841626,"val_loss":0.431730543497517,"_timestamp":1.7421576996115732e+09,"_runtime":23.392221593,"_step":9}