{"_wandb":{"runtime":10},"train_loss":202.7420037740911,"val_loss":0.559204424179877,"_timestamp":1.7421839406130855e+09,"_runtime":10.453137568,"_step":9,"train_acc":0.8365925925925926,"val_acc":0.8331666666666667}