{"val_loss":0.5863694642539182,"_timestamp":1.7421541768053553e+09,"_runtime":35.74217708,"_step":9,"_wandb":{"runtime":35},"train_acc":0.8045555555555556,"val_acc":0.7913333333333333,"train_loss":226.95140767071155}