{"_step":9,"train_acc":0.8478888888888889,"val_acc":0.8411666666666666,"_wandb":{"runtime":30},"train_loss":186.25578187757108,"val_loss":0.44822617640620976,"_timestamp":1.7421690306289554e+09,"_runtime":30.45153075}