{"train_acc":0.8236111111111111,"val_acc":0.8188333333333333,"train_loss":426.82704022023825,"val_loss":0.6882044157191313,"_wandb":{"runtime":14},"_timestamp":1.742157840538249e+09,"_runtime":14.251276909,"_step":9}