{"val_loss":2.0050608397483347,"_wandb":{"runtime":19},"_timestamp":1.7421522305101953e+09,"_runtime":19.928294131,"_step":9,"train_acc":0.5097962962962963,"val_acc":0.5168333333333334,"train_loss":1655.3308685347035}