{"val_acc":0.8508333333333333,"train_loss":327.02893214619894,"val_loss":0.4858225836047791,"_timestamp":1.7421553270834775e+09,"_runtime":40.520767956,"_step":9,"_wandb":{"runtime":40},"train_acc":0.8690185185185185}