{"_runtime":45.798940057,"_step":9,"train_acc":0.830574074074074,"val_acc":0.823,"train_loss":428.0888366877893,"val_loss":0.6978532313462074,"_wandb":{"runtime":45},"_timestamp":1.7421839928651888e+09}