{"val_loss":0.4859930455922851,"_timestamp":1.7421806015812397e+09,"_runtime":9.248585714,"_step":9,"train_acc":0.8465185185185186,"_wandb":{"runtime":9},"val_acc":0.8351666666666666,"train_loss":188.85734387162046}