{"train_acc":0.865,"val_acc":0.8451666666666666,"train_loss":158.8042957705441,"val_loss":0.356325675033058,"_timestamp":1.7421772118249962e+09,"_runtime":24.065213051,"_step":9,"_wandb":{"runtime":24}}