{"_step":9,"train_acc":0.7975925925925926,"val_acc":0.794,"train_loss":237.25585079799174,"val_loss":0.6419011114245677,"_timestamp":1.7421541344278567e+09,"_wandb":{"runtime":35},"_runtime":35.916729663}