{"_step":9,"_wandb":{"runtime":14},"train_acc":0.8609074074074075,"val_acc":0.8365,"train_loss":171.11107758800696,"val_loss":0.434342668030071,"_timestamp":1.7421748161194565e+09,"_runtime":14.115178279}