{"train_loss":227.9248355123113,"val_loss":0.6153449361658051,"_timestamp":1.7421800518757143e+09,"_runtime":28.848797824000002,"_step":9,"_wandb":{"runtime":28},"train_acc":0.8048888888888889,"val_acc":0.8008333333333333}