{"val_loss":1.6263024523685552,"_timestamp":1.7421849840711107e+09,"_runtime":12.096294278,"_wandb":{"runtime":12},"_step":9,"train_acc":0.2522962962962963,"val_acc":0.24883333333333332,"train_loss":718.2344201139007}