{"_step":9,"train_acc":0.8593703703703703,"val_acc":0.8393333333333334,"train_loss":175.75591539751943,"val_loss":0.49440596964227146,"_timestamp":1.7421590638284028e+09,"_runtime":14.174076375,"_wandb":{"runtime":14}}