{"train_loss":571.1697918291376,"val_loss":1.0611258718594265,"_timestamp":1.7421726473893778e+09,"_wandb":{"runtime":37},"_runtime":37.518912239,"_step":9,"train_acc":0.7591296296296296,"val_acc":0.7235}