{"_wandb":{"runtime":10},"_runtime":10.8838294,"_step":9,"train_acc":0.761962962962963,"val_acc":0.7423333333333333,"train_loss":290.57683191621254,"val_loss":0.7781510610708376,"_timestamp":1.7421766206222413e+09}