{"val_acc":0.7375,"_wandb":{"runtime":50},"train_loss":625.8777166482007,"val_loss":0.7523521706175385,"_timestamp":1.7421484382281828e+09,"_runtime":50.341323902,"_step":9,"train_acc":0.7498518518518519}