{"_wandb":{"runtime":6},"_step":4,"train_acc":0.37257407407407406,"val_acc":0.38233333333333336,"train_loss":1714.6820606018214,"val_loss":2.0217612339453166,"_timestamp":1.7421481476291237e+09,"_runtime":6.406223252}