{"_runtime":9.399958172,"_step":9,"train_acc":0.7913888888888889,"val_acc":0.7878333333333334,"train_loss":246.63795511333177,"val_loss":0.7021612424595153,"_wandb":{"runtime":9},"_timestamp":1.7421643616317017e+09}