{"val_loss":0.5095837826435218,"_wandb":{"runtime":20},"_timestamp":1.7421613334303505e+09,"_runtime":20.154261961,"_step":9,"train_acc":0.8629814814814815,"val_acc":0.8515,"train_loss":373.2616781651692}