{"_timestamp":1.742171877903605e+09,"_runtime":27.233478871,"_step":9,"train_acc":0.8642962962962963,"val_acc":0.8555,"_wandb":{"runtime":27},"train_loss":160.89045871771003,"val_loss":0.404383549382794}