{"_runtime":32.5552141,"_step":9,"_wandb":{"runtime":32},"train_acc":0.8851481481481481,"val_acc":0.8576666666666667,"train_loss":268.2866265288065,"val_loss":0.2331082658768393,"_timestamp":1.7421694349614224e+09}