{"val_acc":0.8525,"train_loss":325.9602167036895,"val_loss":0.5402424073042664,"_timestamp":1.7421566226894197e+09,"_runtime":45.339339239,"_wandb":{"runtime":45},"_step":9,"train_acc":0.8695185185185185}