{"train_acc":0.8665555555555555,"_wandb":{"runtime":40},"val_acc":0.8558333333333333,"train_loss":330.78085917997174,"val_loss":0.511773347251458,"_timestamp":1.7421730871602654e+09,"_runtime":40.99320551,"_step":9}