{"train_loss":134.7190553887075,"_wandb":{"runtime":13},"val_loss":0.34109070902803923,"_timestamp":1.742157278051031e+09,"_runtime":13.112525819,"_step":9,"train_acc":0.8847962962962963,"val_acc":0.869}