{"val_loss":0.6053658235880918,"_timestamp":1.7421780296612568e+09,"_runtime":49.675823618,"_wandb":{"runtime":49},"_step":9,"train_acc":0.8536296296296296,"val_acc":0.8453333333333334,"train_loss":376.25504133069234}