{"val_loss":0.5384111636297155,"_timestamp":1.742156732029738e+09,"_wandb":{"runtime":21},"_runtime":21.954609933,"_step":9,"train_acc":0.857462962962963,"val_acc":0.8425,"train_loss":394.9413113332731}