{"_timestamp":1.7421867445506895e+09,"_runtime":68.670941173,"_step":9,"train_acc":0.10016666666666667,"val_acc":0.0985,"train_loss":NaN,"_wandb":{"runtime":68},"val_loss":NaN}