{"train_loss":159.9997827220444,"val_loss":0.4419992908056098,"_timestamp":1.7421895138798773e+09,"_runtime":29.110139422,"_wandb":{"runtime":29},"_step":9,"train_acc":0.8652777777777778,"val_acc":0.851}