{"_wandb":{"runtime":15},"val_loss":2.3301584829833923,"_timestamp":1.7421604597752542e+09,"_runtime":15.728696633,"_step":9,"train_acc":0.09846296296296296,"val_acc":0.0985,"train_loss":973.0555157684145}