{"val_acc":0.8428333333333333,"train_loss":182.8237841387139,"_wandb":{"runtime":25},"val_loss":0.49580590366699223,"_timestamp":1.742189007604873e+09,"_runtime":25.14668364,"_step":9,"train_acc":0.8462037037037037}