{"_step":9,"_wandb":{"runtime":49},"train_acc":0.8351111111111111,"val_acc":0.8216666666666667,"train_loss":547.835567099583,"val_loss":0.6199193290007062,"_timestamp":1.7421770821810365e+09,"_runtime":49.352909766}