{"val_loss":0.3965114712280219,"_timestamp":1.7421723876325328e+09,"_runtime":8.476174905,"_wandb":{"runtime":8},"_step":9,"train_acc":0.8688703703703704,"val_acc":0.8601666666666666,"train_loss":158.83210821930155}