{"val_loss":2.0241397390488585,"_timestamp":1.7421571992225368e+09,"_runtime":20.963315062,"_step":9,"_wandb":{"runtime":20},"train_acc":0.4162222222222222,"val_acc":0.402,"train_loss":885.3002939382244}