{"train_loss":1943.5602848257565,"val_loss":2.3029673932915284,"_timestamp":1.7421521818287852e+09,"_runtime":13.460958149,"_step":9,"_wandb":{"runtime":13},"train_acc":0.09168518518518519,"val_acc":0.05633333333333333}