{"_timestamp":1.7421604366167855e+09,"_wandb":{"runtime":56},"_runtime":56.212893905,"_step":9,"train_acc":0.8257592592592593,"val_acc":0.8213333333333334,"train_loss":456.3405394845212,"val_loss":0.7257279027683688}