{"_runtime":55.55391213,"_step":9,"train_acc":0.8655,"val_acc":0.842,"train_loss":157.31160592706152,"_wandb":{"runtime":55},"val_loss":0.39836236269018216,"_timestamp":1.742181340825285e+09}