{"_wandb":{"runtime":16},"_runtime":16.834000812,"_step":9,"train_acc":0.8084074074074074,"val_acc":0.81,"train_loss":457.76067847661466,"val_loss":0.5584979792406991,"_timestamp":1.7421633591003458e+09}