{"train_acc":0.8395185185185186,"_wandb":{"runtime":17},"val_acc":0.8291666666666667,"train_loss":424.77056128655113,"val_loss":0.7470198547053885,"_timestamp":1.742189304486204e+09,"_runtime":17.444431452,"_step":9}