{"train_acc":0.8462037037037037,"val_acc":0.8386666666666667,"train_loss":364.3349825462318,"val_loss":0.6562828209047719,"_timestamp":1.7421827149632423e+09,"_runtime":60.206789358,"_step":9,"_wandb":{"runtime":60}}