{"_timestamp":1.7421561047507892e+09,"_runtime":30.407418833,"_step":9,"train_acc":0.8569444444444444,"_wandb":{"runtime":30},"val_acc":0.8456666666666667,"train_loss":344.7716911807726,"val_loss":0.5584510683411198}