{"train_loss":333.40480299121236,"val_loss":0.5259215375182666,"_timestamp":1.7421881341399927e+09,"_runtime":42.186280648,"_wandb":{"runtime":42},"_step":9,"train_acc":0.8643518518518518,"val_acc":0.8533333333333334}