{"val_acc":0.848,"_wandb":{"runtime":40},"train_loss":350.7244408358641,"val_loss":0.5429485894952486,"_timestamp":1.7421563738164413e+09,"_runtime":40.695594097,"_step":9,"train_acc":0.8534814814814815}