{"train_acc":0.8923518518518518,"val_acc":0.8665,"train_loss":251.58036662074997,"val_loss":0.20297216788117733,"_timestamp":1.742155127578746e+09,"_runtime":28.238156593,"_step":9,"_wandb":{"runtime":28}}