{"val_acc":0.8041666666666667,"train_loss":217.3200937798091,"val_loss":0.5216132258384275,"_wandb":{"runtime":16},"_timestamp":1.7421616576999228e+09,"_runtime":16.425560036,"_step":9,"train_acc":0.8332037037037037}