{"val_loss":0.47037145734558833,"_timestamp":1.742172887929732e+09,"_runtime":15.06427556,"_step":9,"train_acc":0.857574074074074,"_wandb":{"runtime":15},"val_acc":0.8486666666666667,"train_loss":170.96289886749886}