{"_wandb":{"runtime":12},"val_acc":0.1045,"train_loss":970.7402347688466,"val_loss":2.301984005322816,"_timestamp":1.742171300268767e+09,"_runtime":12.619894127,"_step":9,"train_acc":0.11803703703703704}