{"_wandb":{"runtime":16},"train_acc":0.8354814814814815,"val_acc":0.8246666666666667,"train_loss":458.26117087231137,"val_loss":0.8234969151078992,"_timestamp":1.7421689480518293e+09,"_runtime":16.875449241,"_step":9}