{"train_loss":192.6407976458064,"val_loss":0.5654017161150541,"_timestamp":1.7421843074880936e+09,"_runtime":13.928226838,"_step":9,"_wandb":{"runtime":13},"train_acc":0.8403148148148148,"val_acc":0.8198333333333333}