{"_wandb":{"runtime":31},"_runtime":30.087012536,"_step":7,"train_acc":0.10016666666666667,"val_acc":0.0985,"train_loss":NaN,"val_loss":NaN,"_timestamp":1.7421451995488424e+09}