{"val_acc":0.8295,"train_loss":175.79234784422673,"val_loss":0.44464457017465786,"_timestamp":1.742178309719229e+09,"_runtime":14.500517808,"_step":9,"_wandb":{"runtime":14},"train_acc":0.8581111111111112}