{"val_loss":0.699477279298249,"_timestamp":1.7421854977754855e+09,"_wandb":{"runtime":25},"_runtime":25.859306495,"_step":9,"train_acc":0.7915925925925926,"val_acc":0.7381666666666666,"train_loss":268.5610272815067}