{"val_acc":0.8285,"_wandb":{"runtime":15},"train_loss":200.02962914173546,"val_loss":0.5436582730956111,"_timestamp":1.7421567524085937e+09,"_runtime":15.054126017,"_step":9,"train_acc":0.8340925925925926}