{"train_acc":0.866537037037037,"val_acc":0.849,"train_loss":159.39554895762464,"val_loss":0.418587916680333,"_wandb":{"runtime":33},"_timestamp":1.7421536172436302e+09,"_runtime":33.191941423,"_step":9}