{"_timestamp":1.742167049382439e+09,"_runtime":14.974387791,"_step":9,"train_acc":0.8438703703703704,"val_acc":0.8355,"train_loss":390.86008493701996,"_wandb":{"runtime":14},"val_loss":0.628002088013543}