{"val_loss":0.4925867710927384,"_timestamp":1.7421849579007583e+09,"_runtime":27.120724536,"_step":9,"_wandb":{"runtime":27},"train_acc":0.8453333333333334,"val_acc":0.8148333333333333,"train_loss":194.9169536424568}