{"_timestamp":1.7421686434213367e+09,"_runtime":44.05016014,"_wandb":{"runtime":44},"_step":9,"train_acc":0.865537037037037,"val_acc":0.8423333333333334,"train_loss":156.74512460485775,"val_loss":0.3799257698137806}