{"val_acc":0.8511666666666666,"train_loss":340.4493629752294,"val_loss":0.5742244340038088,"_wandb":{"runtime":22},"_timestamp":1.7421581489995942e+09,"_runtime":22.26653121,"_step":9,"train_acc":0.8616851851851852}