{"val_acc":0.8421666666666666,"train_loss":160.18855296657955,"_wandb":{"runtime":53},"val_loss":0.40926569922775075,"_timestamp":1.7421851283904939e+09,"_runtime":53.395225811,"_step":9,"train_acc":0.8637592592592592}