{"_step":9,"_wandb":{"runtime":13},"train_acc":0.8599444444444444,"val_acc":0.8478333333333333,"train_loss":166.87420101127864,"val_loss":0.4295372984151973,"_timestamp":1.7421717458206267e+09,"_runtime":13.008714332}