{"_runtime":21.940687087,"_step":9,"train_acc":0.8688148148148148,"val_acc":0.8413333333333334,"_wandb":{"runtime":21},"train_loss":156.1093310495416,"val_loss":0.3505501940565298,"_timestamp":1.742166740893184e+09}