{"_runtime":21.152850703,"_step":9,"train_acc":0.8490185185185185,"_wandb":{"runtime":21},"val_acc":0.8391666666666666,"train_loss":371.0213845859508,"val_loss":0.5624999932324233,"_timestamp":1.7421769260491369e+09}