{"_timestamp":1.74218764287442e+09,"_wandb":{"runtime":11},"_runtime":11.215613123,"_step":9,"train_acc":0.8503333333333334,"val_acc":0.8245,"train_loss":187.88312177711816,"val_loss":0.47937792417683733}