{"val_acc":0.8371666666666666,"train_loss":409.0846249415537,"_wandb":{"runtime":25},"val_loss":0.696890732666224,"_timestamp":1.742169156121379e+09,"_runtime":25.55359086,"_step":9,"train_acc":0.8468333333333333}