{"_timestamp":1.7415951100508473e+09,"_runtime":15.972822603000001,"_step":4,"train_acc":0.10051851851851852,"val_acc":0.09333333333333334,"train_loss":7771.296456626139,"_wandb":{"runtime":15},"val_loss":2.3029337127593976}