{"_step":9,"train_acc":0.8592037037037037,"val_acc":0.8403333333333334,"_wandb":{"runtime":24},"train_loss":173.38175467729383,"val_loss":0.45578084505309996,"_timestamp":1.7421849222015657e+09,"_runtime":24.521768159}