{"train_acc":0.8532407407407407,"_wandb":{"runtime":49},"val_acc":0.8401666666666666,"train_loss":369.51293433498165,"val_loss":0.48242910517406606,"_timestamp":1.7421869066305008e+09,"_runtime":49.018415399,"_step":9}