{"_wandb":{"runtime":26},"train_loss":157.86771910886327,"val_loss":0.4285145552637575,"_timestamp":1.74217608326881e+09,"_runtime":26.527022806,"_step":9,"train_acc":0.8673333333333333,"val_acc":0.8538333333333333}