{"_step":9,"_wandb":{"runtime":50},"train_acc":0.8553333333333333,"val_acc":0.8423333333333334,"train_loss":367.8439599730694,"val_loss":0.602908052688646,"_timestamp":1.7421868441484628e+09,"_runtime":50.481975999}