{"train_loss":160.12590202624145,"val_loss":0.43390166301977356,"_timestamp":1.742159158004274e+09,"_runtime":26.066965199,"_step":9,"train_acc":0.8663518518518518,"val_acc":0.8558333333333333,"_wandb":{"runtime":26}}