{"train_acc":0.10035185185185186,"val_acc":0.09333333333333334,"train_loss":1205.3383033718271,"_wandb":{"runtime":9},"val_loss":2.7517980745280943,"_timestamp":1.742162933545357e+09,"_runtime":9.800568771,"_step":9}