{"_timestamp":1.742169595437963e+09,"_runtime":48.899538063,"_step":9,"_wandb":{"runtime":48},"train_acc":0.752962962962963,"val_acc":0.792,"train_loss":704.2863812736022,"val_loss":1.1732339322623015}