{"train_loss":NaN,"val_loss":NaN,"_wandb":{"runtime":83},"_timestamp":1.742184795541551e+09,"_runtime":83.877534827,"_step":9,"train_acc":0.10016666666666667,"val_acc":0.0985}