{"train_acc":0.8599074074074075,"val_acc":0.8361666666666666,"train_loss":161.9038715884563,"val_loss":0.40344819734123405,"_timestamp":1.742154383106187e+09,"_runtime":55.613777824,"_wandb":{"runtime":55},"_step":9}