{"val_acc":0.44166666666666665,"train_loss":864.1977247609288,"val_loss":1.957635097011813,"_wandb":{"runtime":19},"_timestamp":1.7421761096027033e+09,"_runtime":19.937643087,"_step":9,"train_acc":0.3902407407407407}