{"_timestamp":1.742159602444053e+09,"_runtime":30.286559263,"_step":9,"train_acc":0.8218518518518518,"val_acc":0.8033333333333333,"_wandb":{"runtime":30},"train_loss":241.4793723386236,"val_loss":0.7900895509852645}