{"val_loss":0.4673356406474693,"_wandb":{"runtime":31},"_timestamp":1.7421803157140007e+09,"_runtime":31.051899531,"_step":9,"train_acc":0.8548333333333333,"val_acc":0.8433333333333334,"train_loss":180.17969580032295}