{"val_loss":0.48297068413507555,"_timestamp":1.742178287714853e+09,"_runtime":24.25231876,"_step":9,"train_acc":0.8589814814814815,"_wandb":{"runtime":24},"val_acc":0.8331666666666667,"train_loss":174.14795557441022}