{"_step":9,"train_acc":0.8316481481481481,"val_acc":0.829,"train_loss":433.2171435396949,"_wandb":{"runtime":56},"val_loss":0.6361608527712256,"_timestamp":1.742163805554166e+09,"_runtime":56.774079918}