{"val_loss":0.4135299727101693,"_wandb":{"runtime":26},"_timestamp":1.742181412784451e+09,"_runtime":26.897097288,"_step":9,"train_acc":0.8646111111111111,"val_acc":0.8555,"train_loss":161.20983409396024}