{"val_loss":0.7091783389276453,"_timestamp":1.7421580235239906e+09,"_runtime":41.76952487,"_step":9,"train_acc":0.8426851851851852,"val_acc":0.8238333333333333,"train_loss":533.731454774985,"_wandb":{"runtime":41}}