{"val_acc":0.848,"train_loss":157.03550686607005,"val_loss":0.3755396220412227,"_timestamp":1.742181161015414e+09,"_runtime":43.951814039,"_wandb":{"runtime":43},"_step":9,"train_acc":0.8667962962962963}