{"val_acc":0.8156666666666667,"train_loss":188.26942241695076,"val_loss":0.42145790416638756,"_timestamp":1.742181019939321e+09,"_runtime":15.394479857,"_step":9,"train_acc":0.8514259259259259,"_wandb":{"runtime":15}}