{"val_acc":0.8313333333333334,"train_loss":198.38358548268474,"val_loss":0.5509009268922271,"_timestamp":1.7421627861571612e+09,"_runtime":11.313051908,"_wandb":{"runtime":11},"_step":9,"train_acc":0.8445555555555555}