{"_step":9,"train_acc":0.1880740740740741,"val_acc":0.191,"train_loss":3798.183273538033,"_wandb":{"runtime":41},"val_loss":2.2674223911412916,"_timestamp":1.7421523164077735e+09,"_runtime":41.49051242}