{"train_acc":0.3602962962962963,"val_acc":0.36283333333333334,"train_loss":906.9207077901293,"val_loss":2.1551346583017716,"_timestamp":1.7421521471560867e+09,"_wandb":{"runtime":16},"_runtime":16.398397128,"_step":9}