{"_step":9,"train_acc":0.8304259259259259,"val_acc":0.802,"train_loss":221.27572198755115,"val_loss":0.6639380922020522,"_wandb":{"runtime":15},"_timestamp":1.7421630682362657e+09,"_runtime":15.842925087}