{"val_acc":0.8363333333333334,"train_loss":378.8213777968766,"val_loss":0.6197336047590399,"_timestamp":1.7421620778286974e+09,"_runtime":14.70619188,"_step":9,"train_acc":0.8485555555555555,"_wandb":{"runtime":14}}