{"train_loss":285.4155312125732,"val_loss":0.7172428704102682,"_timestamp":1.742164122649306e+09,"_runtime":11.714707116,"_step":9,"train_acc":0.7662037037037037,"_wandb":{"runtime":11},"val_acc":0.761}