{"_timestamp":1.7421685375145311e+09,"_runtime":13.563908086,"_step":9,"train_acc":0.8381296296296297,"val_acc":0.8171666666666667,"_wandb":{"runtime":13},"train_loss":195.147051177735,"val_loss":0.4760700272707265}