{"val_loss":0.3201288239884942,"_timestamp":1.742176022235565e+09,"_runtime":19.76135335,"_step":9,"train_acc":0.8863148148148148,"_wandb":{"runtime":19},"val_acc":0.8733333333333333,"train_loss":132.73083496449416}