{"_wandb":{"runtime":31},"_timestamp":1.742168796768101e+09,"_runtime":31.764839259,"_step":9,"train_acc":0.843037037037037,"val_acc":0.8388333333333333,"train_loss":190.34579307124628,"val_loss":0.5261128749062768}