{"val_loss":0.5777602709828059,"_timestamp":1.7421665849676428e+09,"_runtime":9.228682488,"_wandb":{"runtime":9},"_step":9,"train_acc":0.8302407407407407,"val_acc":0.7995,"train_loss":203.00339364991882}