{"_step":9,"train_acc":0.8388703703703704,"val_acc":0.8338333333333333,"train_loss":196.99785486779294,"_wandb":{"runtime":13},"val_loss":0.5502047278152337,"_timestamp":1.7421594238045218e+09,"_runtime":13.511156426}