{"train_acc":0.8520555555555556,"val_acc":0.8301666666666667,"_wandb":{"runtime":19},"train_loss":178.08538267270163,"val_loss":0.48911474687206014,"_timestamp":1.742186505558426e+09,"_runtime":19.595489036,"_step":9}