{"_timestamp":1.7421594942793286e+09,"_runtime":13.851380925,"_step":9,"train_acc":0.8610925925925926,"val_acc":0.8513333333333334,"train_loss":163.86956270167693,"val_loss":0.43955492078122127,"_wandb":{"runtime":13}}