{"train_acc":0.8192037037037037,"val_acc":0.7686666666666667,"train_loss":247.16056034793442,"val_loss":0.6387233351495303,"_wandb":{"runtime":34},"_timestamp":1.7421835803080258e+09,"_runtime":34.451827823,"_step":9}