{"val_acc":0.8381666666666666,"train_loss":392.1332969225131,"val_loss":0.6224290388836689,"_timestamp":1.7421644440757759e+09,"_wandb":{"runtime":23},"_runtime":23.175319508,"_step":9,"train_acc":0.8521851851851852}