{"_timestamp":1.742172371617302e+09,"_runtime":8.512297684,"_wandb":{"runtime":8},"_step":9,"train_acc":0.8713888888888889,"val_acc":0.8566666666666667,"train_loss":156.65651371438366,"val_loss":0.3565912653657658}