{"_runtime":25.457790584,"_step":9,"_wandb":{"runtime":25},"train_acc":0.7999444444444445,"val_acc":0.773,"train_loss":255.6934551043099,"val_loss":0.7341931337571908,"_timestamp":1.742169678608204e+09}