{"val_loss":0.666823102332993,"_timestamp":1.742179750477297e+09,"_runtime":11.001266243,"_step":9,"train_acc":0.8040185185185185,"val_acc":0.7811666666666667,"_wandb":{"runtime":11},"train_loss":244.98075438743223}