{"train_loss":174.7490481007219,"val_loss":0.4003010822645061,"_timestamp":1.742185309940456e+09,"_runtime":10.45758625,"_wandb":{"runtime":10},"_step":9,"train_acc":0.8596296296296296,"val_acc":0.8375}