{"val_loss":0.8011042668916315,"_timestamp":1.7421624809295163e+09,"_runtime":16.760966906,"_step":9,"train_acc":0.8391296296296297,"_wandb":{"runtime":16},"val_acc":0.819,"train_loss":451.4166946412189}