{"train_acc":0.7165185185185186,"val_acc":0.7548333333333334,"train_loss":329.6907414452789,"val_loss":0.8631228112818415,"_wandb":{"runtime":18},"_timestamp":1.742184333773419e+09,"_runtime":18.181572818,"_step":9}