{"train_loss":453.9179972304776,"val_loss":0.8182305635175794,"_timestamp":1.7421780578328211e+09,"_runtime":14.062761501,"_step":9,"train_acc":0.8136851851851852,"_wandb":{"runtime":14},"val_acc":0.8068333333333333}