{"_step":9,"train_acc":0.8370555555555556,"_wandb":{"runtime":45},"val_acc":0.8305,"train_loss":406.3571663507965,"val_loss":0.637697225491289,"_timestamp":1.7421722007054012e+09,"_runtime":45.892801756}