{"val_loss":2.2989922935365934,"_timestamp":1.7421776217742224e+09,"_runtime":12.422175199,"_step":9,"train_acc":0.19903703703703704,"_wandb":{"runtime":12},"val_acc":0.19716666666666666,"train_loss":969.9625944915533}