{"val_loss":0.7262399121013586,"_timestamp":1.7421798297079787e+09,"_runtime":35.566686172,"_wandb":{"runtime":35},"_step":9,"train_acc":0.7589259259259259,"val_acc":0.759,"train_loss":286.8907183014291}