{"_timestamp":1.7421531779280279e+09,"_runtime":50.211737109,"_step":9,"train_acc":0.10177777777777777,"val_acc":0.1045,"train_loss":5682.660944732159,"val_loss":6.659685355759817,"_wandb":{"runtime":50}}