{"_runtime":54.140427469,"_wandb":{"runtime":54},"_step":9,"train_acc":0.8635925925925926,"val_acc":0.8411666666666666,"train_loss":158.96985296268508,"val_loss":0.3884332182275459,"_timestamp":1.7421750000603755e+09}