{"val_loss":0.4865767467823933,"_timestamp":1.7421612989079123e+09,"_runtime":11.655653233,"_step":9,"train_acc":0.8516481481481482,"val_acc":0.8455,"train_loss":188.01451589493064,"_wandb":{"runtime":11}}