{"train_acc":0.8671296296296296,"_wandb":{"runtime":26},"val_acc":0.8573333333333333,"train_loss":158.7127872870487,"val_loss":0.42931282563026973,"_timestamp":1.7421672910766964e+09,"_runtime":26.335763923000002,"_step":9}