{"val_acc":0.8456666666666667,"train_loss":160.42407715231533,"val_loss":0.3920495801785307,"_timestamp":1.7421720771093657e+09,"_runtime":44.749105937,"_step":9,"_wandb":{"runtime":44},"train_acc":0.8625}