{"train_acc":0.8262592592592592,"val_acc":0.8186666666666667,"train_loss":207.71875796444934,"val_loss":0.5647665400037857,"_timestamp":1.7421789084556901e+09,"_wandb":{"runtime":29},"_runtime":29.311047596,"_step":9}