{"val_loss":0.6473438443719675,"_timestamp":1.742189227711922e+09,"_runtime":16.408852318,"_step":9,"_wandb":{"runtime":16},"train_acc":0.8104074074074074,"val_acc":0.805,"train_loss":238.84432971480592}