{"_step":9,"train_acc":0.10088888888888889,"val_acc":0.10066666666666667,"_wandb":{"runtime":13},"train_loss":1002.5786269545442,"val_loss":2.341092272891333,"_timestamp":1.7421530657771335e+09,"_runtime":13.52680815}