{"_wandb":{"runtime":42},"val_acc":0.8466666666666667,"train_loss":329.861507783826,"val_loss":0.552131935770154,"_timestamp":1.74218077917285e+09,"_runtime":42.464443972,"_step":9,"train_acc":0.8651666666666666}