{"val_acc":0.17416666666666666,"train_loss":75.77132128668138,"val_loss":0.08976797689231043,"_timestamp":1.7422156137430966e+09,"_runtime":34.066253217,"_wandb":{"runtime":34},"_step":9,"train_acc":0.22514814814814815}