{"_step":9,"_wandb":{"runtime":19},"train_acc":0.10016666666666667,"val_acc":0.0985,"train_loss":NaN,"val_loss":NaN,"_timestamp":1.7421709591845508e+09,"_runtime":19.555754745}