{"train_loss":201.5576550729085,"_wandb":{"runtime":13},"val_loss":0.5642439905402858,"_timestamp":1.742160795086516e+09,"_runtime":13.63988349,"_step":9,"train_acc":0.8338888888888889,"val_acc":0.8296666666666667}