{"_runtime":17.132655971,"_step":9,"train_acc":0.7792592592592592,"val_acc":0.7826666666666666,"train_loss":555.9505910646308,"_wandb":{"runtime":17},"val_loss":0.6438086059029723,"_timestamp":1.7421677570296853e+09}