{"_step":9,"train_acc":0.716574074074074,"val_acc":0.71,"_wandb":{"runtime":34},"train_loss":351.2396136094746,"val_loss":0.8302776011362047,"_timestamp":1.742182097269821e+09,"_runtime":34.870482166}