{"train_loss":174.3568615750789,"val_loss":0.4476983191182232,"_timestamp":1.7421577384863632e+09,"_runtime":25.385796151,"_wandb":{"runtime":25},"_step":9,"train_acc":0.8592592592592593,"val_acc":0.8371666666666666}