{"val_acc":0.5403333333333333,"train_loss":802.896354086878,"val_loss":1.8838036346846292,"_timestamp":1.742152021347383e+09,"_runtime":18.554992746,"_step":9,"train_acc":0.5402037037037037,"_wandb":{"runtime":18}}