{"_timestamp":1.7421617571468246e+09,"_runtime":72.382099787,"_step":9,"train_acc":0.8432407407407407,"val_acc":0.8225,"_wandb":{"runtime":72},"train_loss":372.31166762720727,"val_loss":0.6446093854940458}