{"_wandb":{"runtime":49},"_runtime":49.821200126,"_step":9,"train_acc":0.8581111111111112,"val_acc":0.828,"train_loss":415.60428558245144,"val_loss":0.4086941912248477,"_timestamp":1.7421560009550922e+09}