{"_wandb":{"runtime":51},"train_acc":0.8484814814814815,"val_acc":0.8398333333333333,"train_loss":376.7074370964271,"val_loss":0.5156365132772057,"_timestamp":1.7421871927452025e+09,"_runtime":51.402677675,"_step":9}