{"_step":9,"_wandb":{"runtime":30},"train_acc":0.8218148148148148,"val_acc":0.7786666666666666,"train_loss":238.6460073585845,"val_loss":0.5741296235833813,"_timestamp":1.742163206731603e+09,"_runtime":30.386945068}