{"val_acc":0.8368333333333333,"train_loss":174.29855612358597,"val_loss":0.45076602510037167,"_timestamp":1.7421779728692708e+09,"_runtime":9.808458765,"_step":9,"_wandb":{"runtime":9},"train_acc":0.8571666666666666}