{"_timestamp":1.7421653094323149e+09,"_runtime":23.962959726,"_step":9,"train_acc":0.8135370370370371,"val_acc":0.8111666666666667,"train_loss":221.67596671555862,"val_loss":0.6606878410998254,"_wandb":{"runtime":23}}