{"val_acc":0.8333333333333334,"train_loss":441.43278127095846,"val_loss":0.6500417981252897,"_timestamp":1.7421585016871424e+09,"_runtime":14.326814944,"_step":9,"_wandb":{"runtime":14},"train_acc":0.8436296296296296}