{"val_acc":0.8035,"train_loss":205.34465468199977,"val_loss":0.4784474026263962,"_timestamp":1.7421678455517552e+09,"_wandb":{"runtime":26},"_runtime":26.117693846,"_step":9,"train_acc":0.8415185185185186}