{"train_loss":292.3856364621437,"val_loss":0.24835118647738022,"_timestamp":1.7421686690293128e+09,"_runtime":11.431237373,"_step":9,"train_acc":0.8799444444444444,"val_acc":0.8633333333333333,"_wandb":{"runtime":11}}