{"_step":4,"train_acc":0.10025925925925926,"val_acc":0.09983333333333333,"train_loss":4461.553471321929,"val_loss":12.261385205226004,"_timestamp":1.7421464001556287e+09,"_runtime":10.480536853,"_wandb":{"runtime":10}}