{"train_acc":0.09996296296296296,"val_acc":0.09666666666666666,"train_loss":75.97809091963126,"val_loss":0.09017339573591217,"_timestamp":1.742215521551057e+09,"_wandb":{"runtime":31},"_runtime":31.712275967,"_step":9}