{"val_acc":0.8375,"train_loss":390.00201245593723,"val_loss":0.8172825511718799,"_timestamp":1.7421642292525332e+09,"_runtime":15.614004258,"_step":9,"train_acc":0.8454259259259259,"_wandb":{"runtime":15}}