{"_step":9,"train_acc":0.8430185185185185,"val_acc":0.8373333333333334,"train_loss":397.43434157157736,"_wandb":{"runtime":14},"val_loss":0.6133652850898756,"_timestamp":1.742183022320053e+09,"_runtime":14.657116375}