{"train_loss":203.01938932080088,"val_loss":0.570888639658725,"_timestamp":1.7421710904601355e+09,"_runtime":26.900370108,"_step":9,"_wandb":{"runtime":26},"train_acc":0.8206851851851852,"val_acc":0.7911666666666667}