{"_wandb":{"runtime":20},"val_acc":0.8438333333333333,"train_loss":378.71280373407166,"val_loss":0.33712662550202727,"_timestamp":1.7421585283503823e+09,"_runtime":20.110988016,"_step":9,"train_acc":0.8623703703703703}