{"_runtime":29.643536587,"_wandb":{"runtime":29},"_step":9,"train_acc":0.8231111111111111,"val_acc":0.8183333333333334,"train_loss":210.9925805370214,"val_loss":0.5596421327546464,"_timestamp":1.7421808673257585e+09}