{"val_acc":0.7768333333333334,"_wandb":{"runtime":16},"train_loss":211.03099962887785,"val_loss":0.4404249267047503,"_timestamp":1.742167884443358e+09,"_runtime":16.21881762,"_step":9,"train_acc":0.8324074074074074}