{"_wandb":{"runtime":11},"_runtime":6.59608256,"_step":0,"train_acc":0.2897962962962963,"val_acc":0.502,"train_loss":823.1016525309358,"val_loss":1.2955471544756756,"_timestamp":1.7421561176666956e+09}