{"val_loss":0.8248384636417265,"_wandb":{"runtime":23},"_timestamp":1.742164536657981e+09,"_runtime":23.361328202,"_step":9,"train_acc":0.7971481481481482,"val_acc":0.79,"train_loss":484.1960244385969}