{"_timestamp":1.742160166051641e+09,"_runtime":14.866156734,"_wandb":{"runtime":14},"_step":9,"train_acc":0.8558703703703704,"val_acc":0.8491666666666666,"train_loss":175.52853200511717,"val_loss":0.5083877817921413}