{"train_loss":207.4594772682872,"val_loss":0.5448024282172051,"_timestamp":1.7421863280875518e+09,"_runtime":26.538409012,"_step":9,"_wandb":{"runtime":26},"train_acc":0.8389074074074074,"val_acc":0.7703333333333333}