{"train_acc":0.8338333333333333,"_wandb":{"runtime":17},"val_acc":0.8248333333333333,"train_loss":210.2910311540938,"val_loss":0.5447338937120819,"_timestamp":1.7421791263900654e+09,"_runtime":17.32222527,"_step":9}