{"val_loss":0.5251983578357254,"_timestamp":1.7421820559073813e+09,"_runtime":19.662434407,"_step":9,"train_acc":0.8475925925925926,"_wandb":{"runtime":19},"val_acc":0.8293333333333334,"train_loss":409.52292081015577}