{"train_acc":0.8172592592592592,"val_acc":0.8175,"train_loss":212.48567219021754,"val_loss":0.5968686231285404,"_timestamp":1.7421614257217908e+09,"_wandb":{"runtime":10},"_runtime":10.160386801,"_step":9}