{"_timestamp":1.7421831310632417e+09,"_runtime":48.81305381,"_step":9,"train_acc":0.8573703703703703,"val_acc":0.848,"train_loss":362.8185545090718,"_wandb":{"runtime":48},"val_loss":0.48863037268496606}