{"_runtime":15.398566997,"_step":9,"_wandb":{"runtime":15},"train_acc":0.8557037037037037,"val_acc":0.8326666666666667,"train_loss":181.1595489668447,"val_loss":0.43676444263411646,"_timestamp":1.7421752707167435e+09}