{"_step":9,"train_acc":0.6364814814814815,"val_acc":0.6325,"train_loss":570.7216992679131,"val_loss":1.3830932271276128,"_timestamp":1.7421680181562917e+09,"_wandb":{"runtime":12},"_runtime":12.929687388}