{"_timestamp":1.7421805253781953e+09,"_runtime":30.3482241,"_step":9,"_wandb":{"runtime":30},"train_acc":0.7550555555555556,"val_acc":0.7865,"train_loss":330.98811821028715,"val_loss":1.1041510401889165}