{"_runtime":13.094235505,"_step":9,"train_acc":0.5214074074074074,"_wandb":{"runtime":13},"val_acc":0.5378333333333334,"train_loss":508.2758870470427,"val_loss":1.110413552640384,"_timestamp":1.7421698170529056e+09}