{"_wandb":{"runtime":26},"train_acc":0.8680185185185185,"val_acc":0.8555,"train_loss":158.6409288453556,"val_loss":0.4307636443604628,"_timestamp":1.7421639409788606e+09,"_runtime":26.426755188,"_step":9}