{"_timestamp":1.7421838014826236e+09,"_wandb":{"runtime":14},"_runtime":14.43479631,"_step":9,"train_acc":0.8253148148148148,"val_acc":0.8116666666666666,"train_loss":209.3910377511588,"val_loss":0.5580604668668403}