{"val_acc":0.13016666666666668,"train_loss":1903.0301004496819,"val_loss":2.259727492602053,"_timestamp":1.742153265981087e+09,"_runtime":17.312291761,"_wandb":{"runtime":17},"_step":9,"train_acc":0.12875925925925927}