{"train_loss":1935.9668280908045,"val_loss":2.2973324380388678,"_timestamp":1.7421655819116166e+09,"_runtime":18.489357635,"_step":9,"_wandb":{"runtime":18},"train_acc":0.14487037037037037,"val_acc":0.1045}