{"_timestamp":1.7421620051596868e+09,"_runtime":11.498104749,"_step":9,"train_acc":0.8858703703703704,"val_acc":0.8658333333333333,"_wandb":{"runtime":11},"train_loss":135.66818236859604,"val_loss":0.3446194149588306}