{"_runtime":37.599517328,"_step":9,"_wandb":{"runtime":37},"train_acc":0.8551481481481481,"val_acc":0.8305,"train_loss":346.6930474429775,"val_loss":0.4913986191285085,"_timestamp":1.742184267368475e+09}