{"_wandb":{"runtime":49},"train_acc":0.8533333333333334,"val_acc":0.8401666666666666,"train_loss":372.906120569301,"val_loss":0.535943759322611,"_timestamp":1.7421677307508144e+09,"_runtime":49.602093188,"_step":9}