{"_runtime":31.867714719,"_step":9,"_wandb":{"runtime":31},"train_acc":0.8438888888888889,"val_acc":0.8298333333333333,"train_loss":188.61829786471955,"val_loss":0.48636375330722637,"_timestamp":1.742168759411154e+09}