{"_runtime":59.463725742,"_wandb":{"runtime":59},"_step":9,"train_acc":0.1,"val_acc":0.0985,"train_loss":1944.829597280361,"val_loss":2.309063016219053,"_timestamp":1.742148373663254e+09}