{"train_loss":161.2544493633369,"_wandb":{"runtime":44},"val_loss":0.38949548384957167,"_timestamp":1.742161862281488e+09,"_runtime":44.319476499,"_step":9,"train_acc":0.861574074074074,"val_acc":0.8428333333333333}