{"_runtime":16.351705221,"_step":9,"train_acc":0.1014074074074074,"val_acc":0.09333333333333334,"train_loss":11829.927851148504,"val_loss":13.91018083192776,"_wandb":{"runtime":16},"_timestamp":1.7421530478770297e+09}