{"_wandb":{"runtime":50},"train_acc":0.8320185185185185,"val_acc":0.8226666666666667,"train_loss":526.524016106286,"val_loss":1.3928235875645179,"_timestamp":1.7421880785030034e+09,"_runtime":50.178484744,"_step":9}