{"_runtime":27.190247984,"_step":4,"train_acc":0.10016666666666667,"val_acc":0.0985,"train_loss":NaN,"val_loss":NaN,"_timestamp":1.7421528092060366e+09,"_wandb":{"runtime":27}}