{"val_acc":0.8541666666666666,"_wandb":{"runtime":41},"train_loss":329.8244361313641,"val_loss":0.4584437064669758,"_timestamp":1.742154741859041e+09,"_runtime":41.866689095,"_step":9,"train_acc":0.8680185185185185}