{"val_acc":0.8583333333333333,"train_loss":142.84883162150666,"val_loss":0.3396642962626468,"_timestamp":1.7421837298267443e+09,"_runtime":13.02087128,"_step":9,"_wandb":{"runtime":13},"train_acc":0.8766481481481482}