{"_wandb":{"runtime":26},"_runtime":26.826367687,"_step":9,"train_acc":0.8643888888888889,"val_acc":0.8555,"train_loss":161.77303827352247,"val_loss":0.43017747832258996,"_timestamp":1.7421852559418085e+09}