{"val_acc":0.848,"train_loss":348.8457031732577,"val_loss":0.5547066590333136,"_timestamp":1.7421620488727295e+09,"_runtime":38.283447407,"_wandb":{"runtime":38},"_step":9,"train_acc":0.8558888888888889}