{"train_acc":0.8244444444444444,"val_acc":0.8245,"train_loss":459.46869410632684,"val_loss":0.7048676337008463,"_timestamp":1.7421536877541418e+09,"_runtime":56.073942377,"_step":9,"_wandb":{"runtime":56}}