{"val_loss":0.5660831616204497,"_timestamp":1.7421719088553565e+09,"_runtime":25.791660745,"_step":9,"train_acc":0.8480925925925926,"_wandb":{"runtime":25},"val_acc":0.8355,"train_loss":394.4285304191948}