{"_timestamp":1.742185196698576e+09,"_runtime":10.419113938,"_step":9,"_wandb":{"runtime":10},"train_acc":0.832962962962963,"val_acc":0.8275,"train_loss":206.96901936616712,"val_loss":0.5769606301065746}