{"val_loss":0.48424134596035145,"_wandb":{"runtime":24},"_timestamp":1.7421601111813211e+09,"_runtime":24.739941955,"_step":9,"train_acc":0.8521111111111112,"val_acc":0.8453333333333334,"train_loss":175.4313064570636}