{"_wandb":{"runtime":11},"train_acc":0.10077777777777777,"val_acc":0.098,"train_loss":4991.584161047419,"val_loss":11.861393260974989,"_timestamp":1.7421755931585062e+09,"_runtime":11.771908476,"_step":9}