{"train_acc":0.8137407407407408,"_wandb":{"runtime":24},"val_acc":0.82,"train_loss":220.46499748170447,"val_loss":0.7448794324032472,"_timestamp":1.7421761620533636e+09,"_runtime":24.552033136,"_step":9}