{"val_acc":0.856,"train_loss":324.50809632591137,"val_loss":0.4342983858275095,"_wandb":{"runtime":42},"_timestamp":1.742183070980384e+09,"_runtime":42.172914495,"_step":9,"train_acc":0.8700185185185185}