{"train_acc":0.8595925925925926,"val_acc":0.826,"train_loss":172.84081778719923,"val_loss":0.48508994934665844,"_wandb":{"runtime":28},"_timestamp":1.7421819898730848e+09,"_runtime":28.268565908,"_step":9}