{"val_acc":0.837,"_wandb":{"runtime":49},"train_loss":385.1050066779091,"val_loss":0.5174467543456127,"_timestamp":1.7421735000963886e+09,"_runtime":49.154853571,"_step":9,"train_acc":0.8485}