{"val_acc":0.8231666666666667,"train_loss":216.2800268204108,"val_loss":0.6183775448162011,"_timestamp":1.7421634599920835e+09,"_runtime":16.549087646,"_step":9,"train_acc":0.8310185185185185,"_wandb":{"runtime":16}}