{"_wandb":{"runtime":31},"_timestamp":1.742189575019025e+09,"_runtime":31.275680059,"_step":9,"train_acc":0.8495185185185186,"val_acc":0.8441666666666666,"train_loss":182.9657258122583,"val_loss":0.5217955523079693}