{"train_acc":0.846574074074074,"val_acc":0.8355,"train_loss":187.77965856045242,"val_loss":0.4682845815778439,"_timestamp":1.7421676267002017e+09,"_runtime":31.485549602,"_step":9,"_wandb":{"runtime":31}}