{"_wandb":{"runtime":25},"train_acc":0.7898703703703703,"val_acc":0.8086666666666666,"train_loss":529.4553226093566,"val_loss":0.9461166960157081,"_timestamp":1.7421696470456364e+09,"_runtime":25.489272072,"_step":9}