{"_runtime":25.501394548,"_step":9,"train_acc":0.7961481481481482,"val_acc":0.798,"train_loss":264.3792096600299,"_wandb":{"runtime":25},"val_loss":0.7611134708315351,"_timestamp":1.7421582108531363e+09}