{"val_loss":2.11561661935762,"_timestamp":1.7421739914760876e+09,"_runtime":11.599526443,"_step":9,"train_acc":0.4165,"val_acc":0.4003333333333333,"_wandb":{"runtime":11},"train_loss":911.9817023021302}