{"val_acc":0.0985,"train_loss":NaN,"val_loss":NaN,"_timestamp":1.7421801773008463e+09,"_runtime":41.515256457,"_wandb":{"runtime":41},"_step":9,"train_acc":0.10016666666666667}