{"train_acc":0.8462407407407407,"val_acc":0.8391666666666666,"train_loss":189.18646477077746,"_wandb":{"runtime":31},"val_loss":0.4887692353591578,"_timestamp":1.7421876256905582e+09,"_runtime":31.392030483,"_step":9}