{"val_loss":0.541184690341718,"_timestamp":1.7421781927676437e+09,"_runtime":10.390418859,"_step":9,"_wandb":{"runtime":10},"train_acc":0.8469814814814814,"val_acc":0.8206666666666667,"train_loss":204.33894452498416}