{"_runtime":19.179359138,"_step":9,"train_acc":0.8439074074074074,"val_acc":0.8351666666666666,"_wandb":{"runtime":19},"train_loss":382.33486090028475,"val_loss":0.4254548143636727,"_timestamp":1.7421594513089345e+09}