{"train_acc":0.8520740740740741,"val_acc":0.844,"train_loss":375.3493928650558,"val_loss":0.47445156122230575,"_timestamp":1.7421791663344793e+09,"_runtime":25.853071007,"_step":9,"_wandb":{"runtime":25}}