{"_wandb":{"runtime":18},"_runtime":18.886873602,"_step":9,"train_acc":0.10016666666666667,"val_acc":0.0985,"train_loss":NaN,"val_loss":NaN,"_timestamp":1.7421596275805292e+09}