{"train_acc":0.8397962962962963,"val_acc":0.8206666666666667,"train_loss":211.81699681343508,"val_loss":0.5634970092269225,"_timestamp":1.7421796389918444e+09,"_runtime":42.978309213,"_wandb":{"runtime":42},"_step":9}