{"val_acc":0.8483333333333334,"train_loss":176.30787764357714,"val_loss":0.4056821784042282,"_timestamp":1.7421804886184266e+09,"_runtime":30.921494542,"_step":9,"_wandb":{"runtime":30},"train_acc":0.8561481481481481}