{"_step":9,"train_acc":0.849,"val_acc":0.8428333333333333,"train_loss":184.50955404792597,"val_loss":0.522788141304799,"_timestamp":1.7421742516912084e+09,"_runtime":31.111522547,"_wandb":{"runtime":31}}