{"val_acc":0.6238333333333334,"train_loss":472.97770166917496,"val_loss":1.059786617124668,"_timestamp":1.742166956748993e+09,"_runtime":8.141973602,"_step":9,"_wandb":{"runtime":8},"train_acc":0.6166481481481482}