{"train_acc":0.7487222222222222,"val_acc":0.765,"train_loss":330.63975198032006,"val_loss":1.188379233763167,"_timestamp":1.7421754138101969e+09,"_runtime":31.116055784,"_step":9,"_wandb":{"runtime":31}}