{"_wandb":{"runtime":23},"train_acc":0.8315925925925925,"val_acc":0.8238333333333333,"train_loss":204.4099060248116,"val_loss":0.5151566806836624,"_timestamp":1.7421875323532171e+09,"_runtime":23.260262505,"_step":9}