{"_step":9,"train_acc":0.8667037037037038,"val_acc":0.8523333333333334,"_wandb":{"runtime":42},"train_loss":325.34805924744614,"val_loss":0.5018208532140573,"_timestamp":1.7421599782192569e+09,"_runtime":42.093911039}