{"_timestamp":1.7421671300288565e+09,"_wandb":{"runtime":30},"_runtime":30.707662139,"_step":9,"train_acc":0.8457962962962963,"val_acc":0.8401666666666666,"train_loss":188.15914768709933,"val_loss":0.5395858364937307}