{"_runtime":27.615464137,"_step":9,"train_acc":0.8926296296296297,"val_acc":0.8703333333333333,"_wandb":{"runtime":27},"train_loss":251.32571832373077,"val_loss":0.21572108195490305,"_timestamp":1.742187589828048e+09}