{"train_loss":395.7571641586945,"val_loss":0.5243551894896151,"_timestamp":1.7421885073516183e+09,"_runtime":25.968734678,"_wandb":{"runtime":25},"_step":9,"train_acc":0.8442777777777778,"val_acc":0.8368333333333333}