{"_runtime":11.291102723,"_step":9,"train_acc":0.8390740740740741,"_wandb":{"runtime":11},"val_acc":0.8023333333333333,"train_loss":206.6988758105798,"val_loss":0.4660137927857451,"_timestamp":1.7421608139836378e+09}