{"train_loss":468.13834027998934,"val_loss":0.8635912002493723,"_timestamp":1.7421547911902807e+09,"_runtime":21.690896497,"_wandb":{"runtime":21},"_step":9,"train_acc":0.8464259259259259,"val_acc":0.8346666666666667}