{"train_loss":164.03239357417357,"val_loss":0.41105833894489524,"_timestamp":1.742181489602814e+09,"_runtime":55.407817466,"_step":9,"train_acc":0.8586481481481482,"val_acc":0.8333333333333334,"_wandb":{"runtime":55}}