{"_step":9,"train_acc":0.8328888888888889,"val_acc":0.8286666666666667,"_wandb":{"runtime":13},"train_loss":202.21019944839023,"val_loss":0.5575526985501317,"_timestamp":1.7421765961725407e+09,"_runtime":13.371261976}