{"val_loss":0.5978899046646164,"_timestamp":1.7421523412993755e+09,"_runtime":18.444773914,"_step":4,"train_acc":0.8503148148148149,"val_acc":0.8398333333333333,"_wandb":{"runtime":18},"train_loss":723.2878078658381}