{"_timestamp":1.7421701711383607e+09,"_runtime":24.704944625,"_step":9,"train_acc":0.7740555555555556,"val_acc":0.7565,"_wandb":{"runtime":24},"train_loss":583.2759109720656,"val_loss":0.6442722806311887}