{"train_acc":0.118,"val_acc":0.1035,"train_loss":2920.6186801336125,"val_loss":4.188694351814742,"_timestamp":1.7421561708494558e+09,"_wandb":{"runtime":8},"_runtime":8.315945958,"_step":9}