{"_runtime":45.705294272,"_wandb":{"runtime":45},"_step":9,"train_acc":0.10016666666666667,"val_acc":0.0985,"train_loss":NaN,"val_loss":NaN,"_timestamp":1.7421855495344636e+09}