{"train_loss":258.6965949313748,"val_loss":0.6596478555741128,"_timestamp":1.7421756299564288e+09,"_runtime":22.594987261,"_step":9,"_wandb":{"runtime":22},"train_acc":0.7794629629629629,"val_acc":0.7735}