{"_runtime":15.300658329000001,"_step":9,"_wandb":{"runtime":15},"train_acc":0.8454444444444444,"val_acc":0.8336666666666667,"train_loss":396.6353087606571,"val_loss":0.6184546702890011,"_timestamp":1.74218489143375e+09}