{"val_acc":0.8491666666666666,"train_loss":357.29194152563275,"val_loss":0.5256267395189763,"_timestamp":1.742160291623215e+09,"_runtime":49.581952506,"_step":9,"_wandb":{"runtime":49},"train_acc":0.8591111111111112}