{"train_acc":0.8598148148148148,"val_acc":0.842,"train_loss":172.00764392807065,"_wandb":{"runtime":24},"val_loss":0.4059994499069307,"_timestamp":1.7421702029797008e+09,"_runtime":24.472906621,"_step":9}