{"val_loss":1.1331973232937533,"_timestamp":1.7421707775499282e+09,"_runtime":35.03199185,"_step":9,"_wandb":{"runtime":35},"train_acc":0.6632592592592592,"val_acc":0.7301666666666666,"train_loss":443.13646200144854}