{"_timestamp":1.742172786960633e+09,"_runtime":10.775967936,"_step":9,"_wandb":{"runtime":10},"train_acc":0.10103703703703704,"val_acc":0.10066666666666667,"train_loss":1051.8248311783955,"val_loss":2.396501096808923}