{"_timestamp":1.7421886921221962e+09,"_runtime":18.594333658,"_step":9,"train_acc":0.09927777777777778,"val_acc":0.09333333333333334,"_wandb":{"runtime":18},"train_loss":1943.38721378936,"val_loss":2.302010332579036}