{"_step":9,"train_acc":0.8601296296296296,"val_acc":0.8501666666666666,"train_loss":339.71386279075915,"val_loss":0.5482941408796242,"_timestamp":1.7421632528517847e+09,"_runtime":38.753349637,"_wandb":{"runtime":38}}