{"_runtime":9.566930231,"_step":9,"train_acc":0.8467777777777777,"val_acc":0.8271666666666667,"_wandb":{"runtime":9},"train_loss":188.8327300903702,"val_loss":0.42448748676398285,"_timestamp":1.742179994703532e+09}