{"_step":9,"train_acc":0.8553703703703703,"val_acc":0.8475,"train_loss":368.29084200082076,"_wandb":{"runtime":49},"val_loss":0.47923168702580377,"_timestamp":1.7421621667642574e+09,"_runtime":49.523484716}