{"_runtime":21.233996355,"_step":9,"train_acc":0.8482962962962963,"val_acc":0.8385,"train_loss":366.23351109904763,"val_loss":0.5351061014611552,"_wandb":{"runtime":21},"_timestamp":1.742161913595178e+09}