{"val_loss":0.9591976734855273,"_timestamp":1.7421763545427372e+09,"_runtime":29.937055786,"_step":9,"train_acc":0.7272592592592593,"_wandb":{"runtime":29},"val_acc":0.7188333333333333,"train_loss":385.34640321894125}