{"_timestamp":1.7421577608283825e+09,"_runtime":15.166747266,"_step":9,"train_acc":0.8556851851851852,"val_acc":0.848,"_wandb":{"runtime":15},"train_loss":176.58869534670166,"val_loss":0.46438427544238553}