{"_step":9,"train_acc":0.8445370370370371,"_wandb":{"runtime":9},"val_acc":0.833,"train_loss":190.40722321510924,"val_loss":0.5207500958976434,"_timestamp":1.7421751845173528e+09,"_runtime":9.753790696}