{"_runtime":14.509142917,"_step":9,"train_acc":0.6031851851851852,"val_acc":0.6061666666666666,"train_loss":561.9336139916494,"val_loss":1.3077556427362076,"_wandb":{"runtime":14},"_timestamp":1.742169845101555e+09}