{"_timestamp":1.7421543213904443e+09,"_runtime":57.64502839,"_step":9,"train_acc":0.824962962962963,"val_acc":0.8231666666666667,"train_loss":450.3179822671127,"val_loss":0.7344666823094821,"_wandb":{"runtime":57}}