{"train_loss":658.5923664302496,"val_loss":1.0555797628069894,"_timestamp":1.7421796911538768e+09,"_runtime":46.555903704,"_step":9,"_wandb":{"runtime":46},"train_acc":0.7318888888888889,"val_acc":0.7575}