{"_step":9,"train_acc":0.8592037037037037,"val_acc":0.8488333333333333,"train_loss":169.50859355471144,"_wandb":{"runtime":14},"val_loss":0.4797068995847114,"_timestamp":1.7421734435049102e+09,"_runtime":14.067498738}