{"_step":9,"_wandb":{"runtime":27},"train_acc":0.8638148148148148,"val_acc":0.8541666666666666,"train_loss":163.6369405545761,"val_loss":0.4245551740204497,"_timestamp":1.7421687233829408e+09,"_runtime":27.235990865}