{"train_loss":547.2811931832014,"_wandb":{"runtime":50},"val_loss":0.773927376257999,"_timestamp":1.742174772059339e+09,"_runtime":50.611466855,"_step":9,"train_acc":0.8295925925925925,"val_acc":0.8221666666666667}