{"train_loss":161.1052330760265,"val_loss":0.4242535531841919,"_timestamp":1.74217105841682e+09,"_runtime":26.340248467,"_wandb":{"runtime":26},"_step":9,"train_acc":0.8647037037037038,"val_acc":0.8496666666666667}