{"train_acc":0.8672777777777778,"val_acc":0.8536666666666667,"train_loss":158.19803473988316,"val_loss":0.43286712061970156,"_wandb":{"runtime":26},"_timestamp":1.7421618117488256e+09,"_runtime":26.445766019,"_step":9}