{"_wandb":{"runtime":29},"train_loss":1935.1866924029475,"val_loss":2.2937705200431178,"_timestamp":1.7421649887369392e+09,"_runtime":29.05181127,"_step":9,"train_acc":0.21085185185185185,"val_acc":0.14716666666666667}