{"train_acc":0.8631851851851852,"val_acc":0.8526666666666667,"train_loss":162.41873193956246,"_wandb":{"runtime":26},"val_loss":0.42083640302588826,"_timestamp":1.7421802791608958e+09,"_runtime":26.36601002,"_step":9}