{"val_acc":0.8103333333333333,"train_loss":213.95440498354583,"val_loss":0.6104242888631516,"_timestamp":1.7421618871664193e+09,"_runtime":16.680232401,"_step":9,"_wandb":{"runtime":16},"train_acc":0.8197037037037037}