{"_step":9,"train_acc":0.8433518518518518,"_wandb":{"runtime":16},"val_acc":0.8385,"train_loss":196.60387082045833,"val_loss":0.5457778600097732,"_timestamp":1.7421717061467144e+09,"_runtime":16.771302889}