{"_step":9,"train_acc":0.8270555555555555,"val_acc":0.8215,"train_loss":212.2155937058005,"val_loss":0.5870189147067838,"_timestamp":1.742187809827412e+09,"_wandb":{"runtime":16},"_runtime":16.863141804}