{"_runtime":24.679375065,"_step":9,"train_acc":0.8597777777777778,"val_acc":0.8366666666666667,"train_loss":173.3922121423802,"_wandb":{"runtime":24},"val_loss":0.4623019359404135,"_timestamp":1.7421684156134002e+09}