{"val_loss":0.41634745536659346,"_timestamp":1.7421646235762784e+09,"_runtime":25.976062879,"_step":9,"train_acc":0.8648148148148148,"val_acc":0.8486666666666667,"_wandb":{"runtime":25},"train_loss":162.17658154256296}