{"train_acc":0.8439629629629629,"_wandb":{"runtime":42},"val_acc":0.8405,"train_loss":507.74926778415204,"val_loss":0.5849871351603722,"_timestamp":1.742173236458635e+09,"_runtime":42.646103375,"_step":9}