{"_wandb":{"runtime":11},"_runtime":11.668577979,"_step":9,"train_acc":0.7605,"val_acc":0.7608333333333334,"train_loss":280.5513716831708,"val_loss":0.7093125016519448,"_timestamp":1.7421584231085062e+09}