{"train_acc":0.14175925925925925,"_wandb":{"runtime":30},"val_acc":0.14316666666666666,"train_loss":7699.044219283888,"val_loss":2.2640667004417243,"_timestamp":1.7421478181665626e+09,"_runtime":26.81433998,"_step":6}