{"_wandb":{"runtime":8},"_timestamp":1.7421814267087338e+09,"_runtime":8.501910951,"_step":9,"train_acc":0.8672222222222222,"val_acc":0.8525,"train_loss":158.98100970039638,"val_loss":0.37941804320841616}