{"_wandb":{"runtime":26},"val_loss":0.4390729891268978,"_timestamp":1.7421776897872493e+09,"_runtime":26.735140268,"_step":9,"train_acc":0.8637037037037038,"val_acc":0.8565,"train_loss":161.87097942464928}