{"_runtime":30.305675393,"_wandb":{"runtime":30},"_step":9,"train_acc":0.8147777777777778,"val_acc":0.8108333333333333,"train_loss":259.24575381387564,"val_loss":0.807304645090911,"_timestamp":1.7421767852318244e+09}