{"_step":9,"_wandb":{"runtime":9},"train_acc":0.8649074074074075,"val_acc":0.8518333333333333,"train_loss":166.7538504543206,"val_loss":0.44509060584465393,"_timestamp":1.7421817270545652e+09,"_runtime":9.603741558}