{"val_loss":0.6214211364013953,"_timestamp":1.7421756851076045e+09,"_runtime":49.998445823,"_wandb":{"runtime":50},"_step":9,"train_acc":0.8554444444444445,"val_acc":0.8411666666666666,"train_loss":363.96530934216264}