{"_wandb":{"runtime":33},"_timestamp":1.7421528466731906e+09,"_runtime":33.236952824,"_step":9,"train_acc":0.0976111111111111,"val_acc":0.10483333333333333,"train_loss":3888.3703167362683,"val_loss":2.307632097657482}