{"val_acc":0.6633333333333333,"train_loss":552.7118212331449,"val_loss":1.2270888017855162,"_timestamp":1.7421870330663111e+09,"_wandb":{"runtime":25},"_runtime":25.873505733000002,"_step":9,"train_acc":0.6641296296296296}