{"train_loss":211.81779922991626,"val_loss":0.5738039074757227,"_wandb":{"runtime":16},"_timestamp":1.7421636193628597e+09,"_runtime":16.1935396,"_step":9,"train_acc":0.832925925925926,"val_acc":0.8273333333333334}