{"_step":9,"_wandb":{"runtime":21},"train_acc":0.8498148148148148,"val_acc":0.8288333333333333,"train_loss":458.89978359348106,"val_loss":0.6579498623626335,"_timestamp":1.7421579762057433e+09,"_runtime":21.655145615}