{"_step":9,"train_acc":0.6982037037037037,"val_acc":0.702,"train_loss":326.80322078434466,"_wandb":{"runtime":15},"val_loss":0.8266450212107426,"_timestamp":1.7421689775271475e+09,"_runtime":15.354544455}