{"_wandb":{"runtime":27},"_runtime":27.101768451,"_step":9,"train_acc":0.743037037037037,"val_acc":0.7288333333333333,"train_loss":310.88661293909644,"val_loss":0.8094551735727806,"_timestamp":1.7421654296430776e+09}