{"train_acc":0.8594259259259259,"val_acc":0.8243333333333334,"train_loss":173.64373975285724,"val_loss":0.46849907118497736,"_timestamp":1.742167256643208e+09,"_runtime":24.619215548,"_step":9,"_wandb":{"runtime":24}}