{"train_loss":528.8527315463336,"val_loss":0.8373489889848943,"_timestamp":1.7421674793050504e+09,"_runtime":49.318967475,"_step":9,"train_acc":0.8354444444444444,"val_acc":0.829,"_wandb":{"runtime":49}}