{"_timestamp":1.7421822652538614e+09,"_runtime":10.747320026,"_step":9,"train_acc":0.7234814814814815,"val_acc":0.7235,"train_loss":307.44497222835327,"_wandb":{"runtime":10},"val_loss":0.7986710003484223}