{"train_acc":0.7956851851851852,"val_acc":0.7893333333333333,"train_loss":232.87172300586664,"val_loss":0.6341856911205122,"_timestamp":1.742160025077387e+09,"_runtime":19.551754328,"_step":9,"_wandb":{"runtime":19}}