{"val_acc":0.8525,"train_loss":340.49442171562845,"val_loss":0.4921566037390986,"_timestamp":1.742188253964244e+09,"_runtime":39.59583398,"_step":9,"_wandb":{"runtime":39},"train_acc":0.8595555555555555}