{"train_acc":0.8594814814814815,"val_acc":0.849,"train_loss":342.9435548832079,"val_loss":0.5238055654010553,"_timestamp":1.7421644067668805e+09,"_runtime":37.981699362,"_step":9,"_wandb":{"runtime":37}}