{"_runtime":24.40232834,"_wandb":{"runtime":24},"_step":9,"train_acc":0.8177407407407408,"val_acc":0.8115,"train_loss":468.0040344276024,"val_loss":0.6926778666131289,"_timestamp":1.7421690621084602e+09}