{"_runtime":11.618173981,"_wandb":{"runtime":11},"_step":9,"train_acc":0.8410925925925926,"val_acc":0.8328333333333333,"train_loss":203.31019417128596,"val_loss":0.5081499222601399,"_timestamp":1.7421691249427733e+09}