{"val_acc":0.7988333333333333,"train_loss":213.4293185216,"_wandb":{"runtime":26},"val_loss":0.5112615711395149,"_timestamp":1.7421825048481634e+09,"_runtime":26.536393617999998,"_step":9,"train_acc":0.8386296296296296}