{"_step":9,"train_acc":0.8391481481481482,"_wandb":{"runtime":46},"val_acc":0.8316666666666667,"train_loss":406.5254371787711,"val_loss":0.6136755694044448,"_timestamp":1.7421823764007256e+09,"_runtime":46.789807393}