{"val_acc":0.7815,"train_loss":542.0634719088587,"_wandb":{"runtime":16},"val_loss":0.8117397208808536,"_timestamp":1.7421683858344293e+09,"_runtime":16.737887674,"_step":9,"train_acc":0.7910555555555555}