{"val_acc":0.7841666666666667,"train_loss":256.67188324541553,"val_loss":0.6980983799111276,"_wandb":{"runtime":9},"_timestamp":1.7421854648211303e+09,"_runtime":9.691988089,"_step":9,"train_acc":0.7878333333333334}