{"_step":9,"train_acc":0.09835185185185186,"val_acc":0.09983333333333333,"_wandb":{"runtime":25},"train_loss":974.3136680960669,"val_loss":2.3361470303980885,"_timestamp":1.7421845169279647e+09,"_runtime":25.190788929}