{"_timestamp":1.7421682568584166e+09,"_runtime":37.021529638,"_wandb":{"runtime":37},"_step":9,"train_acc":0.8703518518518518,"val_acc":0.8595,"train_loss":151.25254896861318,"val_loss":0.37863829128156684}