{"_timestamp":1.7421466564275026e+09,"_wandb":{"runtime":32},"_runtime":32.067551545,"_step":9,"train_acc":0.6878333333333333,"val_acc":0.681,"train_loss":962.6903263163266,"val_loss":1.2086134528321657}