{"train_loss":181.1275289417636,"_wandb":{"runtime":20},"val_loss":0.4608489774340618,"_timestamp":1.7421626873399413e+09,"_runtime":20.594340057,"_step":9,"train_acc":0.8476666666666667,"val_acc":0.8363333333333334}