{"_step":9,"train_acc":0.8162592592592592,"val_acc":0.818,"_wandb":{"runtime":16},"train_loss":222.10999984770172,"val_loss":0.6013609912565394,"_timestamp":1.7421615179340286e+09,"_runtime":16.968312412}