{"_wandb":{"runtime":11},"train_acc":0.8145370370370371,"val_acc":0.8155,"train_loss":229.8193657089093,"val_loss":0.6163205080383642,"_timestamp":1.742172991334775e+09,"_runtime":11.601313921,"_step":9}