{"_wandb":{"runtime":9},"val_loss":0.5220439139322891,"_timestamp":1.7421583574907293e+09,"_runtime":9.952390538,"_step":9,"train_acc":0.831925925925926,"val_acc":0.8148333333333333,"train_loss":200.80913255482002}