{"train_acc":0.8584444444444445,"val_acc":0.848,"train_loss":170.64283153901386,"_wandb":{"runtime":14},"val_loss":0.46911243334679026,"_timestamp":1.7421702250869386e+09,"_runtime":14.62485045,"_step":9}