{"_timestamp":1.74217429619736e+09,"_runtime":15.96040166,"_wandb":{"runtime":15},"_step":9,"train_acc":0.7271296296296297,"val_acc":0.7373333333333333,"train_loss":309.79110629869257,"val_loss":0.7459758012926639}