{"_runtime":28.32695603,"_step":9,"train_acc":0.8922037037037037,"val_acc":0.872,"_wandb":{"runtime":28},"train_loss":254.10706104566916,"val_loss":0.22583169082961144,"_timestamp":1.7421693882294602e+09}