{"_runtime":16.333324305,"_step":9,"train_acc":0.7951666666666667,"val_acc":0.8228333333333333,"_wandb":{"runtime":16},"train_loss":509.07380287655235,"val_loss":0.7415850056075319,"_timestamp":1.7421636786333103e+09}