{"_wandb":{"runtime":48},"val_acc":0.8443333333333334,"train_loss":368.21467577573225,"val_loss":0.4651269819213404,"_timestamp":1.7421634219567754e+09,"_runtime":48.613127372,"_step":9,"train_acc":0.8531666666666666}