{"val_acc":0.8026666666666666,"train_loss":557.8719892751255,"val_loss":0.6862022132795533,"_timestamp":1.7421652203703194e+09,"_runtime":41.51900081,"_step":9,"train_acc":0.7935,"_wandb":{"runtime":41}}