{"_runtime":9.232282639,"_step":9,"_wandb":{"runtime":9},"train_acc":0.8735,"val_acc":0.8585,"train_loss":152.72917263460403,"val_loss":0.32808054730896685,"_timestamp":1.742157214701754e+09}