{"val_acc":0.07416666666666667,"train_loss":7810.465366485777,"val_loss":2.347660103554417,"_timestamp":1.7421479116282403e+09,"_runtime":17.277622995,"_step":2,"_wandb":{"runtime":19},"train_acc":0.06903703703703704}