{"_runtime":47.602234212,"_step":9,"train_acc":0.09870370370370371,"val_acc":0.0985,"_wandb":{"runtime":47},"train_loss":1943.4298931980402,"val_loss":2.3027150631137,"_timestamp":1.7421808322161896e+09}