{"val_loss":0.6920907114004197,"_timestamp":1.7421709783749857e+09,"_runtime":11.889866048,"_step":9,"train_acc":0.7349444444444444,"val_acc":0.7338333333333333,"train_loss":291.20259018690444,"_wandb":{"runtime":11}}