{"train_loss":679.2577615236809,"val_loss":0.8168730367294409,"_timestamp":1.7421685858781767e+09,"_runtime":18.699840208,"_wandb":{"runtime":18},"_step":9,"train_acc":0.6887407407407408,"val_acc":0.6998333333333333}