{"val_loss":2.302583965035113,"_timestamp":1.7421562565841637e+09,"_wandb":{"runtime":14},"_runtime":14.436279392,"_step":9,"train_acc":0.0976111111111111,"val_acc":0.0985,"train_loss":971.7193392819015}