{"_runtime":29.478942396,"_step":9,"train_acc":0.8162222222222222,"val_acc":0.8081666666666667,"train_loss":218.66120012412244,"val_loss":0.577796016806272,"_wandb":{"runtime":29},"_timestamp":1.7421794705933042e+09}