{"_step":9,"train_acc":0.84,"_wandb":{"runtime":31},"val_acc":0.8375,"train_loss":195.46998265611845,"val_loss":0.5268101291995989,"_timestamp":1.7421743330594957e+09,"_runtime":31.334886668}