{"_wandb":{"runtime":48},"_step":9,"train_acc":0.7747222222222222,"val_acc":0.7786666666666666,"train_loss":628.4384663809782,"val_loss":1.2319181745148564,"_timestamp":1.742175325573841e+09,"_runtime":48.825080658}