{"train_acc":0.8260740740740741,"val_acc":0.8235,"_wandb":{"runtime":28},"train_loss":210.03148676452452,"val_loss":0.5492016802226415,"_timestamp":1.7421554758811512e+09,"_runtime":28.871617801,"_step":9}