{"_runtime":40.786039474,"_wandb":{"runtime":40},"_step":9,"train_acc":0.8577222222222223,"val_acc":0.8335,"train_loss":426.9826586203281,"val_loss":0.41081869925107867,"_timestamp":1.7421568417846103e+09}