{"val_acc":0.8336666666666667,"_wandb":{"runtime":14},"train_loss":412.3145581458655,"val_loss":0.5828232517112922,"_timestamp":1.7421696139312906e+09,"_runtime":14.317582949,"_step":9,"train_acc":0.8332592592592593}