{"val_loss":0.7448105979604117,"_timestamp":1.7421700192476397e+09,"_runtime":38.95130878,"_step":9,"_wandb":{"runtime":38},"train_acc":0.8126481481481481,"val_acc":0.8238333333333333,"train_loss":461.71905990003387}