{"train_loss":172.799651269152,"val_loss":0.48763905434795035,"_wandb":{"runtime":38},"_timestamp":1.7421834997607005e+09,"_runtime":38.513212842,"_step":9,"train_acc":0.8537777777777777,"val_acc":0.8495}