{"_timestamp":1.7421829596147497e+09,"_runtime":48.086095817,"_step":9,"train_acc":0.8506851851851852,"val_acc":0.8403333333333334,"train_loss":381.2924883643003,"val_loss":0.5724004126126588,"_wandb":{"runtime":48}}