{"val_loss":0.404309745101809,"_timestamp":1.7421589728264017e+09,"_runtime":9.59934411,"_step":9,"_wandb":{"runtime":9},"train_acc":0.8573703703703703,"val_acc":0.8318333333333333,"train_loss":172.0254874425198}