{"_wandb":{"runtime":48},"val_acc":0.795,"train_loss":494.5870177499167,"val_loss":0.5909670953977232,"_timestamp":1.7421791053304493e+09,"_runtime":48.88455805,"_step":9,"train_acc":0.7995740740740741}