{"train_acc":0.8921851851851852,"val_acc":0.8683333333333333,"train_loss":251.83701623007852,"val_loss":0.16669655907115052,"_timestamp":1.7421625137858481e+09,"_runtime":28.384667137,"_step":9,"_wandb":{"runtime":28}}