{"train_acc":0.8377962962962963,"val_acc":0.8341666666666666,"train_loss":200.34521043795618,"val_loss":0.5770043005903676,"_timestamp":1.7421655124925406e+09,"_runtime":29.572307261,"_wandb":{"runtime":29},"_step":9}