{"val_loss":0.42646727310619476,"_timestamp":1.7421877714897897e+09,"_runtime":10.348337211,"_step":9,"train_acc":0.8592037037037037,"val_acc":0.8448333333333333,"_wandb":{"runtime":10},"train_loss":175.1806859199456}