{"_step":9,"_wandb":{"runtime":19},"train_acc":0.7105555555555556,"val_acc":0.707,"train_loss":640.1960602909473,"val_loss":0.8396076557789153,"_timestamp":1.742176747478023e+09,"_runtime":19.655940449}