{"_wandb":{"runtime":10},"train_acc":0.7109074074074074,"val_acc":0.7163333333333334,"train_loss":349.7120371097971,"val_loss":0.9067027977306229,"_timestamp":1.7421666011190953e+09,"_runtime":10.056212738,"_step":9}