{"_timestamp":1.7421741189045777e+09,"_runtime":32.463482093,"_step":9,"train_acc":0.8724074074074074,"val_acc":0.8605,"train_loss":298.93502298675037,"val_loss":0.30751412104550924,"_wandb":{"runtime":32}}