{"_runtime":14.172875681,"_step":9,"train_acc":0.8576851851851852,"val_acc":0.828,"train_loss":181.0565596642087,"val_loss":0.47992158212924896,"_wandb":{"runtime":14},"_timestamp":1.7421612162251723e+09}