{"_timestamp":1.7421598445838087e+09,"_runtime":25.683078743,"_step":9,"train_acc":0.834037037037037,"val_acc":0.8261666666666667,"train_loss":515.4064228603903,"val_loss":0.7377549627911097,"_wandb":{"runtime":25}}