{"_step":9,"train_acc":0.8557592592592592,"val_acc":0.8383333333333334,"train_loss":180.07956387621357,"val_loss":0.44779693285878136,"_wandb":{"runtime":14},"_timestamp":1.7421649302316883e+09,"_runtime":14.325342103}