{"train_loss":216.3475461475595,"val_loss":0.5462591599138649,"_timestamp":1.7421778591991313e+09,"_runtime":15.749077916,"_step":9,"train_acc":0.8298333333333333,"val_acc":0.8423333333333334,"_wandb":{"runtime":15}}