{"val_loss":0.6652886149774483,"_timestamp":1.7421628045946422e+09,"_runtime":14.255358437,"_step":9,"train_acc":0.8346481481481481,"val_acc":0.8291666666666667,"_wandb":{"runtime":14},"train_loss":420.1623232261442}