{"_wandb":{"runtime":16},"val_acc":0.842,"train_loss":424.7225476581953,"val_loss":0.7566904655962144,"_timestamp":1.74216495399324e+09,"_runtime":16.611995841,"_step":9,"train_acc":0.8458148148148148}