{"_runtime":40.951423926,"_step":9,"train_acc":0.868037037037037,"val_acc":0.8565,"_wandb":{"runtime":40},"train_loss":332.1452989620958,"val_loss":0.49282263993134307,"_timestamp":1.7421549753468974e+09}