{"_wandb":{"runtime":15},"val_acc":0.783,"train_loss":543.7825221187478,"val_loss":0.8396593336404639,"_timestamp":1.74216799714202e+09,"_runtime":15.658577463,"_step":9,"train_acc":0.7872962962962963}