{"_timestamp":1.7421583090389166e+09,"_runtime":10.477109516,"_step":9,"_wandb":{"runtime":10},"train_acc":0.8588703703703704,"val_acc":0.8311666666666667,"train_loss":174.43858173850143,"val_loss":0.4003426789571604}