{"train_loss":210.22157798914446,"val_loss":0.5703970056874753,"_wandb":{"runtime":10},"_timestamp":1.7421592322917876e+09,"_runtime":10.223704116,"_step":9,"train_acc":0.8161111111111111,"val_acc":0.8068333333333333}