{"val_acc":0.8565,"train_loss":325.2244253630401,"val_loss":0.47741851496485793,"_timestamp":1.7421554388467045e+09,"_runtime":40.95494723,"_step":9,"_wandb":{"runtime":40},"train_acc":0.8698148148148148}