{"train_loss":212.74688504055308,"val_loss":0.4794963981116477,"_timestamp":1.7421671527324107e+09,"_runtime":16.551894486,"_step":9,"train_acc":0.8313518518518519,"val_acc":0.7435,"_wandb":{"runtime":16}}