{"_wandb":{"runtime":15},"val_loss":0.4484340326507814,"_timestamp":1.7421572378187013e+09,"_runtime":15.621513463,"_step":9,"train_acc":0.8630925925925926,"val_acc":0.8516666666666667,"train_loss":166.1476777803206}