{"_wandb":{"runtime":25},"train_acc":0.7879074074074074,"val_acc":0.81,"train_loss":274.55708356601053,"val_loss":0.8076981262099903,"_timestamp":1.7421795095433197e+09,"_runtime":25.367954611,"_step":9}