{"train_loss":404.5943081522242,"val_loss":0.5203034567987176,"_timestamp":1.7421666451303382e+09,"_runtime":36.883182812,"_step":9,"train_acc":0.8601111111111112,"val_acc":0.8491666666666666,"_wandb":{"runtime":36}}