{"_step":9,"train_acc":0.8433333333333334,"val_acc":0.8215,"train_loss":205.15977785796423,"val_loss":0.5516576994376605,"_wandb":{"runtime":26},"_timestamp":1.7421718232985358e+09,"_runtime":26.582572632}