{"_runtime":16.171005152,"_step":9,"_wandb":{"runtime":16},"train_acc":0.8472777777777778,"val_acc":0.8006666666666666,"train_loss":189.07217596433034,"val_loss":0.41783492491209795,"_timestamp":1.742154407432618e+09}