{"_timestamp":1.742161126237833e+09,"_runtime":26.619596049,"_step":9,"_wandb":{"runtime":26},"train_acc":0.8673148148148148,"val_acc":0.8551666666666666,"train_loss":159.3118230162553,"val_loss":0.43508558729338603}