{"_wandb":{"runtime":21},"train_loss":444.7292812834859,"val_loss":0.42131668401662054,"_timestamp":1.7421711973401034e+09,"_runtime":21.666908144,"_step":9,"train_acc":0.8483703703703703,"val_acc":0.8376666666666667}