{"_wandb":{"runtime":17},"_timestamp":1.7421873973199084e+09,"_runtime":17.090125267,"_step":9,"train_acc":0.8594074074074074,"val_acc":0.8401666666666666,"train_loss":167.8897470194422,"val_loss":0.4158505904493233}