{"_step":9,"_wandb":{"runtime":10},"train_acc":0.8317777777777777,"val_acc":0.8191666666666667,"train_loss":205.5007114505371,"val_loss":0.5401392744085948,"_timestamp":1.7421708918306615e+09,"_runtime":10.03502213}