{"_step":9,"_wandb":{"runtime":21},"train_acc":0.848925925925926,"val_acc":0.8361666666666666,"train_loss":451.47536154223695,"val_loss":0.5492618455420946,"_timestamp":1.7421587604788783e+09,"_runtime":21.115502594}