{"train_loss":215.13881228607542,"val_loss":0.5608020078474552,"_timestamp":1.7421552724684086e+09,"_runtime":28.835162088,"_step":9,"_wandb":{"runtime":28},"train_acc":0.8156111111111111,"val_acc":0.8081666666666667}