{"val_loss":0.6393928361956619,"_timestamp":1.7421824705614083e+09,"_runtime":44.859512139,"_step":9,"_wandb":{"runtime":44},"train_acc":0.8352037037037037,"val_acc":0.8306666666666667,"train_loss":410.71471887674716}