{"val_loss":0.8658361620895785,"_wandb":{"runtime":42},"_timestamp":1.7421837113332253e+09,"_runtime":42.251667411,"_step":9,"train_acc":0.8387592592592592,"val_acc":0.824,"train_loss":520.2592400861372}