{"val_acc":0.8393333333333334,"train_loss":452.77721615372224,"val_loss":0.6276298344605521,"_timestamp":1.742162426368324e+09,"_runtime":26.155611145,"_step":9,"_wandb":{"runtime":26},"train_acc":0.8452777777777778}