{"train_loss":413.0741183494953,"val_loss":0.5762428592652613,"_timestamp":1.7421853802551544e+09,"_wandb":{"runtime":26},"_runtime":26.626440362,"_step":9,"train_acc":0.8392407407407407,"val_acc":0.8336666666666667}