{"train_loss":254.82409588264255,"val_loss":0.7338489725775271,"_timestamp":1.742179027928365e+09,"_runtime":30.798144117,"_step":9,"_wandb":{"runtime":30},"train_acc":0.8117037037037037,"val_acc":0.7476666666666667}