{"_timestamp":1.7421740567909663e+09,"_runtime":60.794274596,"_step":9,"train_acc":0.8408333333333333,"val_acc":0.8275,"train_loss":376.6799711806486,"val_loss":0.598849299286608,"_wandb":{"runtime":60}}