{"_timestamp":1.742152907706466e+09,"_runtime":8.914216596,"_step":0,"train_acc":0.5183518518518518,"val_acc":0.6268333333333334,"train_loss":6447.266999906503,"val_loss":1.6544992006031443,"_wandb":{"runtime":11}}