{"_runtime":28.801339351,"_step":9,"_wandb":{"runtime":28},"train_acc":0.8242037037037037,"val_acc":0.8171666666666667,"train_loss":210.72383945462278,"val_loss":0.5678821507041204,"_timestamp":1.7421534964363441e+09}