{"_runtime":18.46256658,"_step":9,"train_acc":0.8276666666666667,"val_acc":0.8048333333333333,"train_loss":215.5965064994176,"val_loss":0.5661747163014323,"_wandb":{"runtime":18},"_timestamp":1.7421556507755272e+09}