{"train_loss":972.4768878059414,"val_loss":2.3128538228645974,"_timestamp":1.7421822265220501e+09,"_wandb":{"runtime":9},"_runtime":9.524824906,"_step":9,"train_acc":0.09664814814814815,"val_acc":0.1045}