{"val_loss":0.5571366874810603,"_timestamp":1.7421853950439897e+09,"_runtime":10.302524047,"_step":9,"train_acc":0.8347407407407408,"val_acc":0.8306666666666667,"_wandb":{"runtime":10},"train_loss":203.4653177606762}