{"_step":9,"train_acc":0.37707407407407406,"val_acc":0.388,"train_loss":1735.2018736078671,"val_loss":2.0418550783219698,"_timestamp":1.742180586262113e+09,"_runtime":16.721975716,"_wandb":{"runtime":16}}