{"_runtime":14.385695287,"_step":9,"train_acc":0.8604814814814815,"_wandb":{"runtime":14},"val_acc":0.821,"train_loss":174.57535972502907,"val_loss":0.39393551438928043,"_timestamp":1.7421600466265934e+09}