{"_timestamp":1.7421580814535353e+09,"_runtime":40.358035065,"_step":9,"_wandb":{"runtime":40},"train_acc":0.8433333333333334,"val_acc":0.8276666666666667,"train_loss":519.747225608533,"val_loss":0.80918313719678}