{"train_loss":419.7673426202548,"val_loss":0.792947352352965,"_timestamp":1.74216846972931e+09,"_wandb":{"runtime":25},"_runtime":25.741045118,"_step":9,"train_acc":0.8403703703703703,"val_acc":0.8326666666666667}