{"_step":9,"train_acc":0.8677962962962963,"val_acc":0.8601666666666666,"train_loss":158.4945117991338,"_wandb":{"runtime":26},"val_loss":0.44295003132734684,"_timestamp":1.7421725297740116e+09,"_runtime":26.535836317}