{"_wandb":{"runtime":16},"val_loss":0.5126046494165233,"_timestamp":1.7421645832350948e+09,"_runtime":16.146359658,"_step":9,"train_acc":0.8308518518518518,"val_acc":0.7888333333333334,"train_loss":216.18351486803627}