{"_timestamp":1.7421764114160805e+09,"_wandb":{"runtime":11},"_runtime":11.380183942,"_step":9,"train_acc":0.8800185185185185,"val_acc":0.8583333333333333,"train_loss":285.0698712844869,"val_loss":0.2413285151909601}