{"_wandb":{"runtime":23},"train_acc":0.8658333333333333,"val_acc":0.8455,"train_loss":157.6901531127885,"val_loss":0.3543645400393949,"_timestamp":1.7421596970977192e+09,"_runtime":23.565837218,"_step":9}