{"train_loss":204.41879810694684,"val_loss":0.5861650935286554,"_timestamp":1.7421854276814606e+09,"_runtime":25.969889724,"_wandb":{"runtime":25},"_step":9,"train_acc":0.8445185185185186,"val_acc":0.8015}