{"_wandb":{"runtime":64},"_timestamp":1.7421746956022394e+09,"_runtime":64.243145463,"_step":9,"train_acc":0.8661481481481481,"val_acc":0.8453333333333334,"train_loss":154.73800718745062,"val_loss":0.3814462319071735}