{"train_loss":451.6188981901396,"val_loss":0.6610831600317496,"_timestamp":1.7421627428609529e+09,"_runtime":33.102282474,"_wandb":{"runtime":33},"_step":9,"train_acc":0.8023333333333333,"val_acc":0.7908333333333334}