{"val_acc":0.841,"_wandb":{"runtime":32},"train_loss":186.52359769840174,"val_loss":0.49401321245250523,"_timestamp":1.7421576239729214e+09,"_runtime":32.635640161,"_step":9,"train_acc":0.8493333333333334}