{"train_acc":0.8557592592592592,"val_acc":0.8448333333333333,"train_loss":345.82466971759857,"val_loss":0.4807222831254039,"_wandb":{"runtime":38},"_timestamp":1.7421717926266096e+09,"_runtime":38.717812882,"_step":9}