{"train_acc":0.8584444444444445,"val_acc":0.8375,"train_loss":175.12112972338355,"val_loss":0.496944786875213,"_timestamp":1.742182796792483e+09,"_runtime":13.906371946,"_wandb":{"runtime":13},"_step":9}