{"train_loss":526.2782031310026,"_wandb":{"runtime":41},"val_loss":0.6436674229419989,"_timestamp":1.7421882082635257e+09,"_runtime":41.407716427,"_step":9,"train_acc":0.8440740740740741,"val_acc":0.8328333333333333}