{"val_loss":0.7215314832705211,"_timestamp":1.7421669810248878e+09,"_runtime":16.142402163,"_step":9,"train_acc":0.8403888888888889,"val_acc":0.8258333333333333,"train_loss":463.0299108350713,"_wandb":{"runtime":16}}