{"_step":9,"train_acc":0.8593148148148149,"val_acc":0.8338333333333333,"_wandb":{"runtime":14},"train_loss":175.5689077275419,"val_loss":0.3756305743932645,"_timestamp":1.7421610922521334e+09,"_runtime":14.333787281}