{"_step":9,"train_acc":0.8317407407407408,"val_acc":0.8225,"train_loss":447.72349249457034,"val_loss":0.615849333871112,"_timestamp":1.7421724300030477e+09,"_wandb":{"runtime":28},"_runtime":28.727065497}