{"train_acc":0.8599814814814815,"val_acc":0.8433333333333334,"train_loss":176.2122692928123,"_wandb":{"runtime":24},"val_loss":0.5250271593174175,"_timestamp":1.742169758828995e+09,"_runtime":24.841759642,"_step":9}