{"_step":9,"train_acc":0.8455185185185186,"val_acc":0.8386666666666667,"_wandb":{"runtime":10},"train_loss":190.02969729830522,"val_loss":0.5012375739606635,"_timestamp":1.7421844114084523e+09,"_runtime":10.060454128}