{"_runtime":16.357227653,"_wandb":{"runtime":16},"_step":9,"train_acc":0.7577222222222222,"val_acc":0.7565,"train_loss":286.7295311373958,"val_loss":0.5686507386283423,"_timestamp":1.7421653879891615e+09}