{"_wandb":{"runtime":30},"train_loss":187.11281246262539,"val_loss":0.49047863453970386,"_timestamp":1.742162558455395e+09,"_runtime":30.476439454,"_step":9,"train_acc":0.8473888888888889,"val_acc":0.8375}