{"_wandb":{"runtime":89},"train_acc":0.27674074074074073,"val_acc":0.2075,"train_loss":75.74292141167923,"val_loss":0.08967284219882463,"_timestamp":1.7422154845857348e+09,"_runtime":89.240110097,"_step":9}