{"train_acc":0.33764814814814814,"val_acc":0.3398333333333333,"train_loss":923.9018847863332,"val_loss":2.158402778988926,"_wandb":{"runtime":10},"_timestamp":1.742160925868132e+09,"_runtime":10.661004446,"_step":9}