{"_wandb":{"runtime":39},"train_acc":0.8523518518518518,"val_acc":0.8435,"train_loss":177.7922948210729,"val_loss":0.43208515572006523,"_timestamp":1.7421712734999986e+09,"_runtime":39.133501231,"_step":9}