{"_step":9,"train_acc":0.8679259259259259,"val_acc":0.8551666666666666,"_wandb":{"runtime":22},"train_loss":155.4515175615776,"val_loss":0.36988379675184274,"_timestamp":1.7421845467990017e+09,"_runtime":22.516105185}