{"train_acc":0.839462962962963,"val_acc":0.822,"train_loss":393.1176692767857,"val_loss":0.47397427618843774,"_wandb":{"runtime":23},"_timestamp":1.7421879237567787e+09,"_runtime":23.111540548,"_step":9}