{"_wandb":{"runtime":23},"val_loss":0.6119389488349943,"_timestamp":1.742178730575783e+09,"_runtime":23.508313481,"_step":9,"train_acc":0.8525,"val_acc":0.8431666666666666,"train_loss":400.7610603057258}