{"val_loss":0.5478108306028654,"_timestamp":1.7421584811837974e+09,"_runtime":9.988697732,"_step":9,"train_acc":0.8323888888888888,"val_acc":0.8276666666666667,"train_loss":205.7358628683423,"_wandb":{"runtime":9}}