{"val_acc":0.8391666666666666,"train_loss":424.1710738866107,"val_loss":0.6140255644708809,"_timestamp":1.74218855181778e+09,"_wandb":{"runtime":38},"_runtime":38.973970051,"_step":9,"train_acc":0.8574814814814815}