{"_wandb":{"runtime":16},"_step":9,"train_acc":0.8366851851851852,"val_acc":0.8268333333333333,"train_loss":206.6922879966232,"val_loss":0.6136708841069004,"_timestamp":1.7421713742294142e+09,"_runtime":16.463590783}