{"_runtime":28.259241324,"_step":9,"_wandb":{"runtime":28},"train_acc":0.8452407407407407,"val_acc":0.7996666666666666,"train_loss":203.31997963157664,"val_loss":0.5151952102743164,"_timestamp":1.7421571164897678e+09}