{"val_loss":0.8402924522322585,"_timestamp":1.7421522668253706e+09,"_runtime":28.858562092,"_step":9,"train_acc":0.7310185185185185,"val_acc":0.7291666666666666,"_wandb":{"runtime":28},"train_loss":341.8490654861094}