{"_runtime":21.148028105,"_step":9,"train_acc":0.8633148148148149,"_wandb":{"runtime":21},"val_acc":0.8401666666666666,"train_loss":381.91224871657226,"val_loss":0.7576148386403835,"_timestamp":1.742184111534359e+09}