{"val_acc":0.8016666666666666,"train_loss":496.96269610002616,"_wandb":{"runtime":52},"val_loss":0.7840602852336498,"_timestamp":1.742181230022047e+09,"_runtime":52.294701668,"_step":9,"train_acc":0.8038148148148148}