{"_runtime":14.592376597,"_step":9,"train_acc":0.8574814814814815,"_wandb":{"runtime":14},"val_acc":0.85,"train_loss":170.08201385245195,"val_loss":0.4476321926167474,"_timestamp":1.7421691771814392e+09}