{"_runtime":19.309392445,"_step":9,"train_acc":0.8378703703703704,"_wandb":{"runtime":19},"val_acc":0.834,"train_loss":198.12234155487613,"val_loss":0.515299371456427,"_timestamp":1.7421894286115873e+09}