{"_step":9,"train_acc":0.8338518518518518,"_wandb":{"runtime":20},"val_acc":0.8231666666666667,"train_loss":398.9966263381627,"val_loss":0.4453554853882271,"_timestamp":1.7421856677878604e+09,"_runtime":20.130639709}