{"_runtime":60.851772891,"_step":9,"train_acc":0.8450555555555556,"val_acc":0.829,"train_loss":367.9606608010722,"val_loss":0.6780399132586284,"_wandb":{"runtime":60},"_timestamp":1.7421683228615289e+09}