{"_step":9,"train_acc":0.8509814814814814,"val_acc":0.848,"train_loss":177.30169794736162,"val_loss":0.5053764213583187,"_timestamp":1.742157430096652e+09,"_runtime":26.38103545,"_wandb":{"runtime":26}}