{"val_loss":0.5525023520682241,"_wandb":{"runtime":88},"_timestamp":1.7421799249911573e+09,"_runtime":88.191710209,"_step":9,"train_acc":0.8391111111111111,"val_acc":0.8201666666666667,"train_loss":380.5135223971708}