{"train_acc":0.09992592592592593,"val_acc":0.10066666666666667,"_wandb":{"runtime":15},"train_loss":3886.786799399846,"val_loss":2.302267782974273,"_timestamp":1.7421522050859551e+09,"_runtime":15.173050244,"_step":4}