{"val_acc":0.8541666666666666,"train_loss":151.01113248337256,"val_loss":0.3808644427497116,"_timestamp":1.7421652809611175e+09,"_runtime":22.713727255,"_step":9,"_wandb":{"runtime":22},"train_acc":0.8737962962962963}