{"_runtime":17.093662156,"_step":9,"_wandb":{"runtime":17},"train_acc":0.8349444444444445,"val_acc":0.8046666666666666,"train_loss":453.4645827052155,"val_loss":0.7066771764040327,"_timestamp":1.7421704677425845e+09}