{"train_loss":394.7367996075837,"val_loss":0.5640449228165552,"_wandb":{"runtime":21},"_timestamp":1.7421786379774063e+09,"_runtime":21.333225514,"_step":9,"train_acc":0.8407777777777777,"val_acc":0.8356666666666667}