{"val_loss":0.45356044271195695,"_wandb":{"runtime":14},"_timestamp":1.742171725726822e+09,"_runtime":14.425478179,"_step":9,"train_acc":0.8609814814814815,"val_acc":0.8493333333333334,"train_loss":171.90985486447366}