{"_wandb":{"runtime":14},"train_loss":173.6087201948151,"val_loss":0.49859435971864435,"_timestamp":1.7421631214870393e+09,"_runtime":14.238873452,"_step":9,"train_acc":0.8602962962962963,"val_acc":0.8283333333333334}