{"_step":9,"train_acc":0.7592962962962962,"val_acc":0.7593333333333333,"train_loss":262.81455948771406,"val_loss":0.7076104541818554,"_wandb":{"runtime":9},"_timestamp":1.742165081495649e+09,"_runtime":9.461509944}