{"train_loss":282.1456153732689,"val_loss":0.7523619462611271,"_timestamp":1.7421540345216806e+09,"_runtime":26.426982724,"_step":9,"train_acc":0.7622407407407408,"_wandb":{"runtime":26},"val_acc":0.7611666666666667}