{"_step":9,"train_acc":0.8579814814814815,"val_acc":0.8431666666666666,"train_loss":170.1303879139271,"val_loss":0.4670008914485314,"_timestamp":1.742158927307579e+09,"_runtime":17.089500299,"_wandb":{"runtime":17}}