{"_step":9,"train_acc":0.8311666666666667,"val_acc":0.8105,"train_loss":413.68573189106104,"val_loss":0.6412435434512349,"_wandb":{"runtime":16},"_timestamp":1.742181956934615e+09,"_runtime":16.763583392}