{"_step":9,"train_acc":0.6294259259259259,"val_acc":0.6188333333333333,"train_loss":1000.1271601203246,"val_loss":1.1783404440286835,"_timestamp":1.7421792406459317e+09,"_runtime":24.072487518,"_wandb":{"runtime":24}}