{"_runtime":21.44005315,"_step":9,"train_acc":0.8493518518518518,"val_acc":0.842,"_wandb":{"runtime":21},"train_loss":368.84177159847565,"val_loss":0.5600594087237832,"_timestamp":1.7421597328428664e+09}