{"val_loss":0.4794821121374713,"_timestamp":1.7421642052063737e+09,"_runtime":23.838408014,"_wandb":{"runtime":23},"_step":9,"train_acc":0.8154444444444444,"val_acc":0.8115,"train_loss":219.3666906295148}