{"_wandb":{"runtime":74},"_step":9,"train_acc":0.8442407407407407,"val_acc":0.826,"train_loss":374.37805690963654,"val_loss":0.6131098468434922,"_timestamp":1.7421704240912497e+09,"_runtime":74.470287537}