{"val_acc":0.8363333333333334,"train_loss":392.1965221270316,"val_loss":0.6691248277052585,"_timestamp":1.742158876976309e+09,"_runtime":15.43715738,"_wandb":{"runtime":15},"_step":9,"train_acc":0.8451296296296297}