{"_runtime":20.464674412,"_step":9,"train_acc":0.8358333333333333,"val_acc":0.8241666666666667,"train_loss":395.9399947519388,"_wandb":{"runtime":20},"val_loss":0.5843615223384554,"_timestamp":1.7421876687942657e+09}