{"_timestamp":1.7421803905821855e+09,"_runtime":31.16707189,"_step":9,"train_acc":0.8454814814814815,"val_acc":0.8356666666666667,"train_loss":189.42188421945826,"val_loss":0.49949982830572015,"_wandb":{"runtime":31}}