{"_wandb":{"runtime":15},"val_acc":0.8201666666666667,"train_loss":193.54919246663405,"val_loss":0.42676645101720345,"_timestamp":1.7421609088858504e+09,"_runtime":15.172149866,"_step":9,"train_acc":0.8476296296296296}