{"val_acc":0.0985,"train_loss":NaN,"val_loss":NaN,"_timestamp":1.7421685175384998e+09,"_runtime":40.663486102,"_step":9,"_wandb":{"runtime":40},"train_acc":0.10016666666666667}