{"val_loss":0.6690482332785186,"_timestamp":1.7421735281868696e+09,"_wandb":{"runtime":14},"_runtime":13.996609943,"_step":9,"train_acc":0.8207407407407408,"val_acc":0.8131666666666667,"train_loss":215.58085593106895}