{"train_acc":0.8804074074074074,"val_acc":0.8663333333333333,"_wandb":{"runtime":11},"train_loss":285.42184541803533,"val_loss":0.18005477285288438,"_timestamp":1.7421697295635164e+09,"_runtime":11.607969523,"_step":9}