{"val_loss":0.47704781478141145,"_wandb":{"runtime":14},"_timestamp":1.7421590423665843e+09,"_runtime":14.75492583,"_step":9,"train_acc":0.8594444444444445,"val_acc":0.8526666666666667,"train_loss":168.22273261418175}