{"_runtime":16.705608654,"_step":9,"train_acc":0.7947407407407407,"val_acc":0.781,"train_loss":500.38594351959944,"val_loss":0.8439344968100078,"_wandb":{"runtime":16},"_timestamp":1.7421789926126735e+09}