{"_wandb":{"runtime":26},"_timestamp":1.7421583413999274e+09,"_runtime":26.196255884,"_step":9,"train_acc":0.8417592592592592,"val_acc":0.8153333333333334,"train_loss":205.29977867669314,"val_loss":0.4196055494283822}