{"_wandb":{"runtime":55},"_runtime":55.393708932,"_step":9,"train_acc":0.860537037037037,"val_acc":0.8363333333333334,"train_loss":162.88040161820612,"val_loss":0.38183412643626585,"_timestamp":1.742188323451498e+09}