{"val_acc":0.848,"train_loss":175.5342212000463,"val_loss":0.4914133080995032,"_timestamp":1.7421714693976939e+09,"_wandb":{"runtime":14},"_runtime":14.622883346,"_step":9,"train_acc":0.8557592592592592}