{"val_acc":0.8466666666666667,"train_loss":360.019938808897,"val_loss":0.5736163450661701,"_timestamp":1.7421677925889416e+09,"_runtime":21.477893615,"_wandb":{"runtime":21},"_step":9,"train_acc":0.8563148148148149}