{"train_acc":0.7981481481481482,"_wandb":{"runtime":17},"val_acc":0.7905,"train_loss":472.73937531502264,"val_loss":0.5994620444037032,"_timestamp":1.7421652437871065e+09,"_runtime":17.179955297,"_step":9}