{"train_loss":273.7201867007288,"val_loss":0.6669476044165072,"_timestamp":1.7421768984547346e+09,"_runtime":9.852654603,"_step":9,"_wandb":{"runtime":9},"train_acc":0.7775925925925926,"val_acc":0.7776666666666666}