{"_runtime":15.683606076,"_step":9,"train_acc":0.8437407407407408,"val_acc":0.8363333333333334,"train_loss":398.10849053338984,"val_loss":0.6960935445805877,"_timestamp":1.742161195553932e+09,"_wandb":{"runtime":15}}