{"val_acc":0.8441666666666666,"train_loss":157.9711147201978,"val_loss":0.39364722566053933,"_timestamp":1.7421640679477847e+09,"_runtime":52.178819678,"_step":9,"train_acc":0.8636296296296296,"_wandb":{"runtime":52}}