{"train_acc":0.8239814814814815,"_wandb":{"runtime":31},"val_acc":0.8168333333333333,"train_loss":210.86161085220476,"val_loss":0.5686562585245203,"_timestamp":1.742156986498511e+09,"_runtime":31.579288249,"_step":9}