{"train_loss":249.374577275987,"val_loss":0.20352065324759785,"_timestamp":1.7421626524800203e+09,"_runtime":28.118401741,"_step":9,"train_acc":0.8929814814814815,"_wandb":{"runtime":28},"val_acc":0.8673333333333333}