{"train_acc":0.7627407407407407,"_wandb":{"runtime":9},"val_acc":0.76,"train_loss":284.38617381868784,"val_loss":0.7290813900183117,"_timestamp":1.7421857705688853e+09,"_runtime":9.778271242,"_step":9}