{"_timestamp":1.7421876917758718e+09,"_runtime":17.270400764,"_step":9,"_wandb":{"runtime":17},"train_acc":0.8602407407407408,"val_acc":0.8483333333333334,"train_loss":166.9898544028447,"val_loss":0.4442703801115388}