{"val_loss":0.49663467504116493,"_timestamp":1.7421625963635335e+09,"_runtime":30.584696529,"_step":9,"_wandb":{"runtime":30},"train_acc":0.8482222222222222,"val_acc":0.8433333333333334,"train_loss":183.44398437706758}