{"train_acc":0.8827037037037037,"val_acc":0.866,"train_loss":138.82362872463406,"val_loss":0.3565963727729939,"_timestamp":1.7421678641072571e+09,"_wandb":{"runtime":11},"_runtime":11.921794577,"_step":9}