{"val_acc":0.8503333333333334,"train_loss":333.66489012159434,"val_loss":0.47039697032244066,"_timestamp":1.7421559368893888e+09,"_runtime":59.356566462,"_step":9,"train_acc":0.8650555555555556,"_wandb":{"runtime":59}}