{"val_loss":0.9323096212526645,"_timestamp":1.7421630043615618e+09,"_runtime":15.853853699,"_step":9,"train_acc":0.6814074074074075,"val_acc":0.6788333333333333,"train_loss":746.7247263886605,"_wandb":{"runtime":15}}