{"val_loss":0.3969547175591191,"_timestamp":1.7421834566878636e+09,"_runtime":17.490531338,"_step":9,"_wandb":{"runtime":17},"train_acc":0.8692592592592593,"val_acc":0.8473333333333334,"train_loss":160.3211473353793}