{"train_loss":348.96466700316563,"val_loss":0.5108781510972481,"_timestamp":1.7421852937051008e+09,"_runtime":31.711902087,"_step":9,"_wandb":{"runtime":31},"train_acc":0.8544444444444445,"val_acc":0.8358333333333333}