{"_runtime":25.409061565000002,"_step":9,"train_acc":0.8428333333333333,"_wandb":{"runtime":25},"val_acc":0.8246666666666667,"train_loss":208.95601824959786,"val_loss":0.5726977011951285,"_timestamp":1.742160080195943e+09}