{"val_acc":0.7965,"train_loss":415.270559240996,"val_loss":0.7571265254851184,"_timestamp":1.7421626170927358e+09,"_runtime":14.535024477,"_step":9,"_wandb":{"runtime":14},"train_acc":0.8313518518518519}