{"F1 Score":0.01818181818181818,"_timestamp":1.7421976731540427e+09,"Test Accuracy":0.1,"Recall":0.1,"Confusion Matrix":{"_type":"plotly-file","sha256":"a826fdd854507ed26a5e6f382da65f66af5b916d21dfe0b041d507f0cc91fd89","size":10039,"path":"media/plotly/Confusion Matrix_0_a826fdd854507ed26a5e.plotly.json"},"_wandb":{"runtime":6},"Precision":0.01,"_runtime":1.371738883,"_step":0}