{"val_loss":0.6297592021983417,"_timestamp":1.7421605797591567e+09,"_runtime":23.351674744,"_step":9,"train_acc":0.8157592592592593,"val_acc":0.8043333333333333,"_wandb":{"runtime":23},"train_loss":220.0228101251439}