{"train_acc":0.6476111111111111,"val_acc":0.6496666666666666,"train_loss":504.51874060306716,"_wandb":{"runtime":13},"val_loss":1.2270953192836076,"_timestamp":1.7421675555739653e+09,"_runtime":13.350419817,"_step":9}