{"train_loss":272.3306793819855,"val_loss":0.7107075524412789,"_timestamp":1.7421638317696028e+09,"_wandb":{"runtime":18},"_runtime":18.962048726,"_step":9,"train_acc":0.7775185185185185,"val_acc":0.7808333333333334}