{"train_loss":557.9738128723199,"val_loss":1.283146513375822,"_timestamp":1.742173388421515e+09,"_runtime":8.104188115,"_step":9,"_wandb":{"runtime":8},"train_acc":0.5844074074074074,"val_acc":0.5828333333333333}