{"train_acc":0.09881481481481481,"val_acc":0.1045,"train_loss":1943.7016432701148,"_wandb":{"runtime":18},"val_loss":2.3081073659016798,"_timestamp":1.7421782553459072e+09,"_runtime":18.808911107,"_step":9}