{"_runtime":46.381928067,"_step":9,"train_acc":0.8517037037037037,"_wandb":{"runtime":46},"val_acc":0.83,"train_loss":432.1636447841339,"val_loss":0.7308009840728471,"_timestamp":1.7421738450499187e+09}