{"train_acc":0.851925925925926,"val_acc":0.8483333333333334,"train_loss":177.5744149398819,"val_loss":0.4626109525353117,"_timestamp":1.7421564385635183e+09,"_wandb":{"runtime":26},"_runtime":26.035468522,"_step":9}