{"val_loss":0.38908399216865713,"_timestamp":1.7421768430848372e+09,"_runtime":29.305606061,"_step":9,"train_acc":0.8706851851851852,"val_acc":0.8538333333333333,"_wandb":{"runtime":29},"train_loss":154.03097766253853}