{"_runtime":21.612584696,"_wandb":{"runtime":21},"_step":4,"train_acc":0.1027037037037037,"val_acc":0.10083333333333333,"train_loss":11573.103408166804,"val_loss":2.265651648536508,"_timestamp":1.742148292740217e+09}