{"_timestamp":1.7421786613431485e+09,"_runtime":17.853877423,"_step":9,"_wandb":{"runtime":17},"train_acc":0.7037777777777777,"val_acc":0.6951666666666667,"train_loss":336.63156626911876,"val_loss":0.8418151014406333}