{"_runtime":20.653496825,"_step":9,"train_acc":0.8339814814814814,"_wandb":{"runtime":20},"val_acc":0.825,"train_loss":403.1701224793106,"val_loss":0.5140757993531361,"_timestamp":1.742180450278633e+09}