{"train_loss":351.4006256523496,"val_loss":0.3965823182039661,"_timestamp":1.7421828689064229e+09,"_runtime":21.718794546,"_step":9,"_wandb":{"runtime":21},"train_acc":0.8584074074074074,"val_acc":0.8471666666666666}