{"_wandb":{"runtime":28},"_runtime":28.540908651,"_step":9,"train_acc":0.7794074074074074,"val_acc":0.76,"train_loss":615.589437065651,"val_loss":0.553905100755458,"_timestamp":1.7421688682810729e+09}