{"train_acc":0.8601296296296296,"val_acc":0.8341666666666666,"train_loss":389.03024751024793,"val_loss":0.52498433586066,"_timestamp":1.7421702738630548e+09,"_runtime":20.182623134,"_wandb":{"runtime":20},"_step":9}