{"_timestamp":1.7421745922272894e+09,"_runtime":46.172026599,"_wandb":{"runtime":46},"_step":9,"train_acc":0.8463888888888889,"val_acc":0.84,"train_loss":438.8324184202485,"val_loss":0.47318314097220404}