{"train_acc":0.8558148148148148,"_wandb":{"runtime":32},"val_acc":0.8415,"train_loss":176.16282727981,"val_loss":0.3929804679083934,"_timestamp":1.7421565730957737e+09,"_runtime":32.929982383,"_step":9}