{"_timestamp":1.742171974152766e+09,"_runtime":11.004958294,"_wandb":{"runtime":11},"_step":9,"train_acc":0.6795185185185185,"val_acc":0.6745,"train_loss":406.4157780300373,"val_loss":1.045558455668702}