{"val_acc":0.8103333333333333,"train_loss":211.31272079229004,"val_loss":0.5636869094248819,"_timestamp":1.7421638810188117e+09,"_runtime":25.358585029,"_step":9,"_wandb":{"runtime":25},"train_acc":0.8397592592592592}