{"val_acc":0.8346666666666667,"train_loss":391.64899218268863,"val_loss":0.650455142573811,"_timestamp":1.7421572596227593e+09,"_runtime":15.692252046,"_step":9,"_wandb":{"runtime":15},"train_acc":0.8454814814814815}