{"_wandb":{"runtime":26},"train_loss":195.03151560337017,"val_loss":0.5761265624916749,"_timestamp":1.74218108014972e+09,"_runtime":26.575781215,"_step":9,"train_acc":0.8383703703703703,"val_acc":0.7915}