{"train_acc":0.8677777777777778,"_wandb":{"runtime":53},"val_acc":0.8601666666666666,"train_loss":311.79580202640346,"val_loss":0.3258594880656731,"_timestamp":1.7421825858034403e+09,"_runtime":53.567996054,"_step":9}