{"val_loss":2.341092276458844,"_timestamp":1.7421480737463572e+09,"_runtime":12.844255761,"_step":9,"train_acc":0.10088888888888889,"_wandb":{"runtime":12},"val_acc":0.10066666666666667,"train_loss":1002.5786263453018}