{"train_loss":133.01208981856547,"val_loss":0.3236900388764368,"_timestamp":1.7421873201047354e+09,"_runtime":19.39130518,"_step":9,"_wandb":{"runtime":19},"train_acc":0.8856296296296297,"val_acc":0.8741666666666666}