{"_step":9,"train_acc":0.8284074074074074,"val_acc":0.8216666666666667,"train_loss":509.1534898853576,"_wandb":{"runtime":52},"val_loss":0.7347487936496991,"_timestamp":1.7421788735130796e+09,"_runtime":52.356403863}