{"_wandb":{"runtime":15},"train_acc":0.8545555555555555,"val_acc":0.845,"train_loss":357.58361794873076,"val_loss":0.5351784857270797,"_timestamp":1.7421755749479556e+09,"_runtime":15.309022849,"_step":9}