{"_wandb":{"runtime":26},"train_acc":0.8674074074074074,"val_acc":0.8541666666666666,"train_loss":157.10559927939227,"val_loss":0.4337235350815713,"_timestamp":1.7421857010530922e+09,"_runtime":26.841642536,"_step":9}