{"_step":9,"train_acc":0.8553148148148149,"val_acc":0.835,"train_loss":180.40587891154195,"val_loss":0.4080242836909843,"_timestamp":1.742163543453121e+09,"_wandb":{"runtime":15},"_runtime":15.160912984}