{"_wandb":{"runtime":13},"train_loss":198.96172113433605,"val_loss":0.5613350502395302,"_timestamp":1.74217438399349e+09,"_runtime":13.868879188,"_step":9,"train_acc":0.8332037037037037,"val_acc":0.8273333333333334}