{"val_acc":0.8321666666666667,"_wandb":{"runtime":21},"train_loss":396.65449491684126,"val_loss":0.5742580789762899,"_timestamp":1.742179194820623e+09,"_runtime":21.375465081,"_step":9,"train_acc":0.8386666666666667}