{"train_acc":0.8518148148148148,"val_acc":0.847,"train_loss":439.41491235278227,"val_loss":0.6653651955520995,"_timestamp":1.7421771594158554e+09,"_runtime":45.882148506,"_wandb":{"runtime":45},"_step":9}