{"_step":9,"train_acc":0.7975555555555556,"val_acc":0.7941666666666667,"_wandb":{"runtime":35},"train_loss":238.9777568161705,"val_loss":0.6496428691184554,"_timestamp":1.7421837789285586e+09,"_runtime":35.562573448}