{"val_acc":0.8495,"train_loss":159.11728439022053,"val_loss":0.39658875836296703,"_timestamp":1.7421630381552022e+09,"_runtime":27.421625132,"_step":9,"_wandb":{"runtime":27},"train_acc":0.8656851851851852}