{"_runtime":48.808095369,"_wandb":{"runtime":48},"_step":9,"train_acc":0.8356296296296296,"val_acc":0.815,"train_loss":519.1809658237071,"val_loss":0.7146004480360393,"_timestamp":1.742154461617494e+09}