{"val_acc":0.8471666666666666,"train_loss":366.76870934783693,"val_loss":0.479297675751789,"_timestamp":1.7421729444661174e+09,"_runtime":49.884364718,"_wandb":{"runtime":49},"_step":9,"train_acc":0.8539629629629629}