{"val_acc":0.848,"train_loss":275.9636124079927,"val_loss":0.24751491412729298,"_wandb":{"runtime":32},"_timestamp":1.7421878961157382e+09,"_runtime":32.823039745,"_step":9,"train_acc":0.8839259259259259}