{"_timestamp":1.742186594062321e+09,"_runtime":25.921046034,"_step":9,"train_acc":0.8397407407407408,"val_acc":0.819,"_wandb":{"runtime":25},"train_loss":209.12936377614795,"val_loss":0.57199079386279}