{"_step":6,"train_acc":0.10016666666666667,"val_acc":0.0985,"train_loss":NaN,"val_loss":NaN,"_wandb":{"runtime":85},"_timestamp":1.7415983165815432e+09,"_runtime":61.13501024}