{"_runtime":11.041120435,"_step":4,"train_acc":0.6608148148148149,"val_acc":0.6678333333333333,"train_loss":849.2818190802379,"val_loss":1.0083189263275283,"_wandb":{"runtime":11},"_timestamp":1.7421521632963517e+09}