{"val_loss":0.49842266095680354,"_wandb":{"runtime":31},"_timestamp":1.7421853466403384e+09,"_runtime":31.147730796,"_step":9,"train_acc":0.8416111111111111,"val_acc":0.8338333333333333,"train_loss":192.81244179130542}