{"_runtime":8.184240628,"_step":9,"train_acc":0.3361296296296296,"val_acc":0.327,"train_loss":943.9522271810555,"_wandb":{"runtime":8},"val_loss":2.2210126737136946,"_timestamp":1.7421585698039546e+09}