{"_wandb":{"runtime":20},"_timestamp":1.7421675138680341e+09,"_runtime":20.476296803,"_step":9,"train_acc":0.8371111111111111,"val_acc":0.831,"train_loss":396.6760774635881,"val_loss":0.5235016068660691}