{"_step":9,"train_acc":0.7026851851851852,"val_acc":0.6915,"train_loss":342.37058459162694,"_wandb":{"runtime":15},"val_loss":0.8536624183484159,"_timestamp":1.7415950884405112e+09,"_runtime":15.126090358}