{"_timestamp":1.7421566516431715e+09,"_runtime":20.865448294,"_step":9,"train_acc":0.8172037037037037,"val_acc":0.8098333333333333,"train_loss":214.81498497600523,"_wandb":{"runtime":20},"val_loss":0.5730045839939065}