{"_runtime":16.359459709,"_step":9,"train_acc":0.8321851851851851,"val_acc":0.818,"train_loss":210.3338466516306,"val_loss":0.44555421343858725,"_wandb":{"runtime":16},"_timestamp":1.7421608356080272e+09}