{"val_loss":0.44064415082397396,"_timestamp":1.7421792624506917e+09,"_runtime":13.701653459,"_step":9,"train_acc":0.8692962962962963,"_wandb":{"runtime":13},"val_acc":0.8528333333333333,"train_loss":159.76177814894248}