{"_wandb":{"runtime":66},"_timestamp":1.7421467279100175e+09,"_runtime":66.817228893,"_step":9,"train_acc":0.5488518518518518,"val_acc":0.5483333333333333,"train_loss":4560.681165847389,"val_loss":1.2247702861414749}