{"_step":9,"train_acc":0.8427777777777777,"val_acc":0.8276666666666667,"train_loss":205.91995597414436,"val_loss":0.6820760724907251,"_wandb":{"runtime":26},"_timestamp":1.7421628912731907e+09,"_runtime":26.157951082}