{"_timestamp":1.742171845547514e+09,"_runtime":15.779913443,"_step":9,"train_acc":0.8076851851851852,"_wandb":{"runtime":15},"val_acc":0.7835,"train_loss":230.9303663818413,"val_loss":0.5877513986628866}