{"_step":9,"train_acc":0.8650740740740741,"val_acc":0.8465,"train_loss":163.62302208639176,"val_loss":0.5166181122482688,"_timestamp":1.7421828135775816e+09,"_wandb":{"runtime":9},"_runtime":9.251012156}