{"_timestamp":1.7421699071626017e+09,"_runtime":28.352199398,"_wandb":{"runtime":28},"_step":9,"train_acc":0.8333703703703703,"val_acc":0.8026666666666666,"train_loss":207.99573312408884,"val_loss":0.4422008837304145}