{"train_acc":0.1877037037037037,"val_acc":0.17233333333333334,"train_loss":969.7030612691233,"val_loss":2.2979112584082637,"_timestamp":1.74217073442683e+09,"_wandb":{"runtime":19},"_runtime":19.975171093,"_step":9}