{"val_acc":0.8361666666666666,"train_loss":203.41365246462212,"val_loss":0.5277157351065206,"_timestamp":1.7421747969260633e+09,"_runtime":16.661266391,"_step":9,"_wandb":{"runtime":16},"train_acc":0.8434259259259259}