{"train_acc":0.8334074074074074,"val_acc":0.8231666666666667,"train_loss":198.1204547256771,"val_loss":0.5424261924234768,"_wandb":{"runtime":16},"_timestamp":1.7421629569494107e+09,"_runtime":16.256548008,"_step":9}