{"val_loss":0.6270005333961739,"_timestamp":1.7421765250610294e+09,"_runtime":22.762224574,"_step":9,"train_acc":0.7813148148148148,"val_acc":0.7791666666666667,"train_loss":253.47870804373676,"_wandb":{"runtime":22}}