{"_step":9,"_wandb":{"runtime":13},"train_acc":0.869462962962963,"val_acc":0.8575,"train_loss":158.10521733286842,"val_loss":0.4087904501908337,"_timestamp":1.7421800159273465e+09,"_runtime":13.655849903}