{"_wandb":{"runtime":24},"val_loss":0.4371068077326435,"_timestamp":1.742185978836736e+09,"_runtime":24.866008177,"_step":9,"train_acc":0.862537037037037,"val_acc":0.8398333333333333,"train_loss":171.94409903708194}