{"_runtime":13.578687551,"_step":9,"train_acc":0.8680740740740741,"val_acc":0.855,"_wandb":{"runtime":13},"train_loss":159.4837344641544,"val_loss":0.4070895871882711,"_timestamp":1.7421599981478553e+09}