{"train_acc":0.8337407407407408,"val_acc":0.8253333333333334,"train_loss":439.0869292448681,"val_loss":0.870585882635908,"_timestamp":1.7421692860224667e+09,"_wandb":{"runtime":17},"_runtime":17.323384499,"_step":9}