{"train_acc":0.8233703703703704,"val_acc":0.824,"_wandb":{"runtime":22},"train_loss":437.9864483197504,"val_loss":0.7527180374958921,"_timestamp":1.742160487343069e+09,"_runtime":22.061772657,"_step":9}