{"train_acc":0.8344074074074074,"val_acc":0.8271666666666667,"train_loss":411.9005729670381,"_wandb":{"runtime":14},"val_loss":0.5974301876287224,"_timestamp":1.7421702456216114e+09,"_runtime":14.067277418,"_step":9}