{"_step":9,"train_acc":0.8321481481481482,"val_acc":0.8283333333333334,"train_loss":204.07008565053835,"val_loss":0.5471585285006683,"_timestamp":1.7421716247423751e+09,"_runtime":31.091640957,"_wandb":{"runtime":31}}