{"val_acc":0.8366666666666667,"train_loss":195.47460003401983,"val_loss":0.5446123288379623,"_wandb":{"runtime":10},"_timestamp":1.7421877875244107e+09,"_runtime":10.335504037,"_step":9,"train_acc":0.8430185185185185}