{"val_acc":0.8371666666666666,"train_loss":385.13918424335003,"_wandb":{"runtime":49},"val_loss":0.4989549890122995,"_timestamp":1.7421642852297645e+09,"_runtime":49.794987933,"_step":9,"train_acc":0.8471296296296297}