{"_timestamp":1.7421675341070678e+09,"_runtime":14.124923957,"_step":9,"train_acc":0.10016666666666667,"_wandb":{"runtime":14},"val_acc":0.0985,"train_loss":NaN,"val_loss":NaN}