{"train_loss":161.74885762856601,"val_loss":0.39762004308723603,"_timestamp":1.7421834336548908e+09,"_runtime":16.48851214,"_wandb":{"runtime":16},"_step":9,"train_acc":0.8676481481481482,"val_acc":0.8423333333333334}