{"train_loss":172.94797361123423,"val_loss":0.455763564546335,"_timestamp":1.7421727691115792e+09,"_runtime":24.710469487,"_step":9,"_wandb":{"runtime":24},"train_acc":0.8599074074074075,"val_acc":0.8395}