{"_step":9,"train_acc":0.7942962962962963,"val_acc":0.8171666666666667,"train_loss":613.5456817376848,"val_loss":0.9517001828687097,"_timestamp":1.742160371918099e+09,"_runtime":28.25044904,"_wandb":{"runtime":28}}