{"train_acc":0.7257037037037037,"val_acc":0.7318333333333333,"_wandb":{"runtime":9},"train_loss":295.16959927793476,"val_loss":0.7528363694080952,"_timestamp":1.7421809980695038e+09,"_runtime":9.681930527,"_step":9}