{"val_loss":0.5218082016618032,"_timestamp":1.7421622577319717e+09,"_runtime":13.605389382,"_step":9,"train_acc":0.8563333333333333,"val_acc":0.8411666666666666,"_wandb":{"runtime":13},"train_loss":380.0761998591812}