{"_step":9,"train_acc":0.8345555555555556,"val_acc":0.837,"train_loss":536.4311173721704,"val_loss":0.8789328962752627,"_timestamp":1.7421874516865647e+09,"_wandb":{"runtime":49},"_runtime":49.882251667}