{"_step":9,"train_acc":0.8371296296296297,"val_acc":0.7755,"train_loss":202.31088632392851,"_wandb":{"runtime":31},"val_loss":0.5997089179363905,"_timestamp":1.742188630592479e+09,"_runtime":31.940072982}