{"_timestamp":1.7421827692347727e+09,"_runtime":24.029571824,"_step":9,"train_acc":0.8478148148148148,"val_acc":0.8413333333333334,"_wandb":{"runtime":24},"train_loss":183.13824466151198,"val_loss":0.4924687875406622}