{"_timestamp":1.7421592715678704e+09,"_wandb":{"runtime":11},"_runtime":11.239544268,"_step":9,"train_acc":0.5201666666666667,"val_acc":0.5411666666666667,"train_loss":471.736244496673,"val_loss":1.0043961199375606}