{"_wandb":{"runtime":13},"train_acc":0.8243333333333334,"val_acc":0.8166666666666667,"train_loss":209.19316682301462,"val_loss":0.6210312426429849,"_timestamp":1.7421762639899778e+09,"_runtime":13.806987844,"_step":9}