{"train_loss":355.3979127799945,"val_loss":0.5576468664295086,"_timestamp":1.7421564046073766e+09,"_runtime":23.243584939,"_step":9,"train_acc":0.854037037037037,"_wandb":{"runtime":23},"val_acc":0.8435}