{"val_loss":0.5300208356540732,"_timestamp":1.7421553617793512e+09,"_wandb":{"runtime":27},"_runtime":27.179323313,"_step":9,"train_acc":0.8453518518518518,"val_acc":0.82,"train_loss":374.82021842244455}