{"_timestamp":1.742178969510232e+09,"_runtime":26.221224762,"_wandb":{"runtime":26},"_step":9,"train_acc":0.7982037037037037,"val_acc":0.7906666666666666,"train_loss":254.7508020500337,"val_loss":0.802901166911324}