{"_timestamp":1.7421783606874912e+09,"_runtime":22.289049828,"_step":9,"_wandb":{"runtime":22},"train_acc":0.8586111111111111,"val_acc":0.851,"train_loss":348.85302236436763,"val_loss":0.5384186314271769}