{"_step":9,"train_acc":0.5963333333333334,"val_acc":0.5855,"_wandb":{"runtime":23},"train_loss":1162.6993549091055,"val_loss":1.3664305299245576,"_timestamp":1.7421707010300176e+09,"_runtime":23.848164769}