{"_step":9,"train_acc":0.6479074074074074,"val_acc":0.629,"train_loss":438.63594375468324,"val_loss":1.0323281050341895,"_timestamp":1.7421855742925103e+09,"_wandb":{"runtime":17},"_runtime":17.233119021}