{"_timestamp":1.7421727127956102e+09,"_runtime":16.869732629,"_step":9,"train_acc":0.7633703703703704,"val_acc":0.758,"train_loss":295.89930182794063,"val_loss":0.8001588550214785,"_wandb":{"runtime":16}}