{"_runtime":30.710870527,"_step":9,"train_acc":0.7525925925925926,"val_acc":0.7193333333333334,"_wandb":{"runtime":30},"train_loss":332.81615351724923,"val_loss":0.7919993700504637,"_timestamp":1.7421803528544014e+09}