{"_runtime":14.090658129,"_step":9,"train_acc":0.8660185185185185,"val_acc":0.8561666666666666,"train_loss":161.19829723346967,"val_loss":0.3996757713613581,"_timestamp":1.7421711471151476e+09,"_wandb":{"runtime":14}}