{"val_loss":0.4336399742127576,"_timestamp":1.7421838751239603e+09,"_runtime":66.123191097,"_step":9,"train_acc":0.859037037037037,"_wandb":{"runtime":66},"val_acc":0.8358333333333333,"train_loss":163.90212762796884}