{"val_loss":0.5283375195070591,"_timestamp":1.7421797867138314e+09,"_runtime":30.787661691,"_step":9,"train_acc":0.8248888888888889,"val_acc":0.8035,"_wandb":{"runtime":30},"train_loss":229.4794172518206}