{"train_acc":0.8389629629629629,"val_acc":0.8183333333333334,"_wandb":{"runtime":13},"train_loss":195.34803791920086,"val_loss":0.5424867917092715,"_timestamp":1.7421748591389358e+09,"_runtime":13.764896707,"_step":9}