{"_wandb":{"runtime":41},"train_loss":339.6872864025442,"val_loss":0.43300482025986065,"_timestamp":1.7421568907940068e+09,"_runtime":41.721524588,"_step":9,"train_acc":0.8594074074074074,"val_acc":0.8511666666666666}