{"val_acc":0.8198333333333333,"train_loss":210.4966863989417,"val_loss":0.6122862637216319,"_timestamp":1.7421562781436825e+09,"_runtime":14.424551586,"_step":9,"_wandb":{"runtime":14},"train_acc":0.8240740740740741}