{"train_acc":0.8179814814814815,"val_acc":0.7985,"train_loss":217.49932761704406,"val_loss":0.6031310882553217,"_timestamp":1.7421778106456218e+09,"_runtime":14.104228088,"_step":9,"_wandb":{"runtime":14}}