{"val_acc":0.851,"_wandb":{"runtime":42},"train_loss":326.52094941210714,"val_loss":0.44800707667897766,"_timestamp":1.7421701187653184e+09,"_runtime":42.331760754,"_step":9,"train_acc":0.868574074074074}