{"train_loss":157.8133768777463,"val_loss":0.42131680104408914,"_timestamp":1.742170306360084e+09,"_runtime":26.422805172,"_step":9,"_wandb":{"runtime":26},"train_acc":0.8669814814814815,"val_acc":0.8541666666666666}