{"_timestamp":1.7421674218620648e+09,"_runtime":50.223378171,"_step":9,"train_acc":0.8577407407407407,"val_acc":0.85,"train_loss":354.70654843365145,"val_loss":0.5067616804572407,"_wandb":{"runtime":50}}