{"_timestamp":1.742171992316732e+09,"_runtime":13.685561041,"_step":9,"_wandb":{"runtime":13},"train_acc":0.8349814814814814,"val_acc":0.818,"train_loss":195.74605043238395,"val_loss":0.5480538750567352}