{"val_loss":0.5005097309727903,"_timestamp":1.7421843942671752e+09,"_runtime":9.942196561,"_step":9,"train_acc":0.842574074074074,"_wandb":{"runtime":9},"val_acc":0.8371666666666666,"train_loss":198.2507999784338}