{"train_loss":390.45324310201926,"val_loss":0.5141878582391491,"_timestamp":1.7421647851373026e+09,"_runtime":45.56715778,"_step":9,"_wandb":{"runtime":45},"train_acc":0.8440740740740741,"val_acc":0.8391666666666666}