{"_timestamp":1.7421540933893032e+09,"_runtime":52.803123362,"_step":9,"train_acc":0.7923518518518519,"_wandb":{"runtime":52},"val_acc":0.788,"train_loss":505.4251977891328,"val_loss":0.9079393830930652}