{"_wandb":{"runtime":23},"_timestamp":1.7421742122679884e+09,"_runtime":23.954567727,"_step":9,"train_acc":0.7709814814814815,"val_acc":0.7586666666666667,"train_loss":277.1959167407951,"val_loss":0.6518345689120968}