{"train_loss":19.84008213476125,"val_loss":0.02636656789551499,"_timestamp":1.7422153879930701e+09,"_runtime":83.14208793,"_wandb":{"runtime":83},"_step":9,"train_acc":0.8351666666666666,"val_acc":0.8308333333333333}