{"_step":9,"train_acc":0.7934814814814815,"val_acc":0.7921666666666667,"train_loss":231.79688657826122,"_wandb":{"runtime":18},"val_loss":0.6031146524082595,"_timestamp":1.7421705401885378e+09,"_runtime":18.928121543}