{"_timestamp":1.7421550320748067e+09,"_runtime":49.601121798,"_step":9,"_wandb":{"runtime":49},"train_acc":0.8567037037037037,"val_acc":0.8438333333333333,"train_loss":359.59690422075755,"val_loss":0.5389337062408062}