{"_wandb":{"runtime":48},"_timestamp":1.7421692642311823e+09,"_runtime":48.514760372,"_step":9,"train_acc":0.8529074074074074,"val_acc":0.8441666666666666,"train_loss":370.63580621621554,"val_loss":0.565823941282978}