{"val_loss":0.4760151397648659,"_wandb":{"runtime":16},"_timestamp":1.7421864778328996e+09,"_runtime":16.136160131,"_step":9,"train_acc":0.8479074074074074,"val_acc":0.8153333333333334,"train_loss":195.74033635915154}