{"_step":9,"_wandb":{"runtime":38},"train_acc":0.8616296296296296,"val_acc":0.8358333333333333,"train_loss":419.3597863966528,"val_loss":0.6971842518417416,"_timestamp":1.7421598895094535e+09,"_runtime":38.546182217}