{"val_acc":0.8578333333333333,"train_loss":156.79477719169807,"val_loss":0.43964760143034,"_wandb":{"runtime":25},"_timestamp":1.7421669424532864e+09,"_runtime":25.694920892,"_step":9,"train_acc":0.8681666666666666}