{"_runtime":20.071075926,"_step":9,"train_acc":0.8858148148148148,"val_acc":0.8618333333333333,"train_loss":277.22329650879175,"val_loss":0.19590860558306247,"_wandb":{"runtime":20},"_timestamp":1.7421858879403026e+09}