{"_wandb":{"runtime":47},"_timestamp":1.7421610726503952e+09,"_runtime":47.782160235,"_step":9,"train_acc":0.8314444444444444,"val_acc":0.839,"train_loss":543.6836748599899,"val_loss":0.7512515170837079}