{"train_loss":173.61328300591853,"val_loss":0.5168607926619583,"_timestamp":1.7421601428135386e+09,"_runtime":24.325446306,"_step":9,"_wandb":{"runtime":24},"train_acc":0.8583703703703703,"val_acc":0.8395}