{"_wandb":{"runtime":19},"_runtime":19.392689678,"_step":9,"train_acc":0.8084259259259259,"val_acc":0.8033333333333333,"train_loss":220.12954410901392,"val_loss":0.6018411613582956,"_timestamp":1.7421724795864997e+09}