{"_step":9,"train_acc":0.10031481481481481,"val_acc":0.09983333333333333,"train_loss":1954.170545251841,"val_loss":2.3611345273446362,"_timestamp":1.7421755012798393e+09,"_runtime":32.083503323,"_wandb":{"runtime":32}}