{"train_acc":0.8680555555555556,"val_acc":0.856,"train_loss":154.6808444247716,"_wandb":{"runtime":35},"val_loss":0.3724500377220978,"_timestamp":1.7421519962506015e+09,"_runtime":35.094973513,"_step":9}