{"_timestamp":1.7421789358151e+09,"_runtime":19.214395774,"_step":9,"_wandb":{"runtime":19},"train_acc":0.667074074074074,"val_acc":0.6635,"train_loss":699.5246118146207,"val_loss":0.888412811562388}