{"val_acc":0.838,"_wandb":{"runtime":30},"train_loss":185.46752683602185,"val_loss":0.5110705650206818,"_timestamp":1.742160202973824e+09,"_runtime":30.757670038,"_step":9,"train_acc":0.8466666666666667}