{"train_acc":0.10016666666666667,"val_acc":0.0985,"train_loss":NaN,"val_loss":NaN,"_timestamp":1.7421801063460834e+09,"_runtime":40.274491929,"_step":9,"_wandb":{"runtime":40}}