{"train_loss":356.4731604250637,"val_loss":0.4967771267001902,"_wandb":{"runtime":49},"_timestamp":1.7421773437955146e+09,"_runtime":49.328234799,"_step":9,"train_acc":0.8580925925925926,"val_acc":0.8435}