{"_wandb":{"runtime":27},"_step":9,"train_acc":0.7427777777777778,"val_acc":0.7571666666666667,"train_loss":660.6044691320367,"val_loss":1.1476254079970911,"_timestamp":1.742174931855281e+09,"_runtime":27.481369739}