{"val_acc":0.7596666666666667,"train_loss":280.7569771362175,"val_loss":0.7117063660999033,"_wandb":{"runtime":10},"_timestamp":1.7421766370221686e+09,"_runtime":10.960083383,"_step":9,"train_acc":0.7484444444444445}