{"_runtime":35.979460587,"_step":9,"train_acc":0.8040555555555555,"val_acc":0.7871666666666667,"train_loss":226.6308346478763,"val_loss":0.5888829728859994,"_timestamp":1.7421736095049164e+09,"_wandb":{"runtime":35}}