{"train_acc":0.8702962962962963,"val_acc":0.8543333333333333,"train_loss":157.25210768351803,"val_loss":0.41471678231505865,"_timestamp":1.742165534471718e+09,"_runtime":13.744044574,"_wandb":{"runtime":13},"_step":9}