{"_wandb":{"runtime":26},"val_loss":0.43568480450292946,"_timestamp":1.74217330525672e+09,"_runtime":26.182653926,"_step":9,"train_acc":0.8437222222222223,"val_acc":0.8213333333333334,"train_loss":200.514731195359}