{"_wandb":{"runtime":14},"val_loss":0.6578954537355479,"_timestamp":1.7421889067723105e+09,"_runtime":14.884597051,"_step":9,"train_acc":0.8196851851851852,"val_acc":0.8231666666666667,"train_loss":217.79163316398837}