{"train_acc":0.8630740740740741,"val_acc":0.8396666666666667,"train_loss":159.17290417079093,"val_loss":0.3805642589226145,"_timestamp":1.742173897016961e+09,"_runtime":44.831230559,"_wandb":{"runtime":44},"_step":9}