{"_step":9,"_wandb":{"runtime":31},"train_acc":0.8189814814814815,"val_acc":0.8045,"train_loss":253.07690394065085,"val_loss":0.6622118389236462,"_timestamp":1.742185737729053e+09,"_runtime":31.189945215}