{"_wandb":{"runtime":24},"_step":9,"train_acc":0.8587962962962963,"val_acc":0.8535,"train_loss":173.6144720047386,"val_loss":0.3855670474066958,"_timestamp":1.7421639707247396e+09,"_runtime":24.55715675}