{"_step":9,"_wandb":{"runtime":8},"train_acc":0.8231851851851851,"val_acc":0.81,"train_loss":224.0799852695254,"val_loss":0.5728557188014162,"_timestamp":1.7421650960180287e+09,"_runtime":8.369536182}