{"train_loss":469.10343287896194,"val_loss":0.835958967670082,"_timestamp":1.7421622310011032e+09,"_runtime":17.343576015,"_step":9,"train_acc":0.819,"_wandb":{"runtime":17},"val_acc":0.8156666666666667}