{"val_loss":0.31812637122417425,"_timestamp":1.7421585473127928e+09,"_wandb":{"runtime":11},"_runtime":11.826337278,"_step":9,"train_acc":0.883962962962963,"val_acc":0.8681666666666666,"train_loss":136.93444465022438}