{"_step":9,"train_acc":0.8544259259259259,"val_acc":0.8476666666666667,"train_loss":173.07144013659524,"val_loss":0.48308228049402935,"_timestamp":1.7421563270169063e+09,"_wandb":{"runtime":26},"_runtime":26.090958379}