{"_step":9,"train_acc":0.8621851851851852,"val_acc":0.8365,"train_loss":381.24625003687663,"_wandb":{"runtime":20},"val_loss":0.3368757029705118,"_timestamp":1.7421637424165862e+09,"_runtime":20.468343809}