{"val_loss":0.6387016038845782,"_timestamp":1.7421774674191346e+09,"_runtime":45.627534921,"_step":9,"_wandb":{"runtime":45},"train_acc":0.8338703703703704,"val_acc":0.8258333333333333,"train_loss":421.968447692684}