{"train_loss":161.1387720981107,"val_loss":0.40723582962965893,"_timestamp":1.742153422236566e+09,"_runtime":55.54559169,"_wandb":{"runtime":55},"_step":9,"train_acc":0.8611296296296296,"val_acc":0.8426666666666667}