{"train_loss":343.6346045667396,"val_loss":0.5360215818807167,"_timestamp":1.7421848420581226e+09,"_runtime":40.288046985,"_step":9,"train_acc":0.8575185185185186,"val_acc":0.8473333333333334,"_wandb":{"runtime":40}}