{"train_acc":0.8616481481481482,"val_acc":0.8493333333333334,"train_loss":167.1219716732558,"val_loss":0.4517884162259141,"_timestamp":1.7421682127334895e+09,"_runtime":14.842336768,"_wandb":{"runtime":14},"_step":9}