{"_runtime":15.316362718,"_wandb":{"runtime":15},"_step":9,"train_acc":0.5871481481481482,"val_acc":0.5821666666666667,"train_loss":710.5437296527552,"val_loss":1.6387245791831277,"_timestamp":1.7421533231528354e+09}