{"_step":9,"train_acc":0.8187037037037037,"val_acc":0.8008333333333333,"_wandb":{"runtime":23},"train_loss":216.40766105795268,"val_loss":0.6564045685616383,"_timestamp":1.7421586239596677e+09,"_runtime":23.716392963}