{"_step":9,"train_acc":0.8530555555555556,"val_acc":0.847,"train_loss":416.7365366264373,"val_loss":0.5665585636557723,"_timestamp":1.7421736832176576e+09,"_wandb":{"runtime":45},"_runtime":45.713212908}