{"val_loss":0.5643911043519252,"_timestamp":1.74218755662928e+09,"_runtime":10.116657482,"_step":9,"_wandb":{"runtime":10},"train_acc":0.8432037037037037,"val_acc":0.8408333333333333,"train_loss":196.67353096690016}