{"train_loss":134.57084593953724,"val_loss":0.33326724981135314,"_timestamp":1.7421848695149376e+09,"_runtime":19.971696791,"_step":9,"_wandb":{"runtime":19},"train_acc":0.8853888888888889,"val_acc":0.869}