{"_timestamp":1.742174717363414e+09,"_runtime":17.317587211,"_step":9,"train_acc":0.09744444444444444,"val_acc":0.1045,"_wandb":{"runtime":17},"train_loss":971.953307608602,"val_loss":2.304760304541829}