{"_runtime":14.730576686,"_step":9,"_wandb":{"runtime":14},"train_acc":0.8547407407407407,"val_acc":0.8463333333333334,"train_loss":175.31910522863333,"val_loss":0.4872915126499695,"_timestamp":1.7421776029156902e+09}