{"val_loss":0.47105580467354574,"_timestamp":1.7421772878133404e+09,"_runtime":14.661462538,"_wandb":{"runtime":14},"_step":9,"train_acc":0.8591851851851852,"val_acc":0.8503333333333334,"train_loss":168.12781138594204}