{"train_acc":0.8495185185185186,"val_acc":0.844,"train_loss":184.35405676031803,"_wandb":{"runtime":31},"val_loss":0.5125366420501795,"_timestamp":1.7421703439188938e+09,"_runtime":31.185725316,"_step":9}