{"_runtime":14.076277279,"_step":9,"train_acc":0.5796666666666667,"val_acc":0.5875,"_wandb":{"runtime":14},"train_loss":430.86000932241046,"val_loss":1.0178622895062512,"_timestamp":1.7421562140813656e+09}