{"val_loss":NaN,"_timestamp":1.7421772660645251e+09,"_runtime":40.793963295,"_step":9,"train_acc":0.10016666666666667,"val_acc":0.0985,"_wandb":{"runtime":40},"train_loss":NaN}