{"_wandb":{"runtime":23},"val_loss":1.681448585753465,"_timestamp":1.7421879614419591e+09,"_runtime":23.515781259,"_step":9,"train_acc":0.22627777777777777,"val_acc":0.243,"train_loss":734.7793981470676}