{"val_acc":0.8033333333333333,"train_loss":511.5265852624512,"val_loss":0.47685225148450944,"_timestamp":1.7421784070507278e+09,"_runtime":42.251198612,"_step":9,"train_acc":0.8422592592592593,"_wandb":{"runtime":42}}