{"train_loss":5610.914382640738,"_wandb":{"runtime":19},"val_loss":5.562768807177723,"_timestamp":1.742146425612918e+09,"_runtime":19.037570081,"_step":4,"train_acc":0.10157407407407408,"val_acc":0.10033333333333333}