{"val_acc":0.7986666666666666,"train_loss":518.5486892262805,"val_loss":0.6561446333396489,"_timestamp":1.7421699403687222e+09,"_runtime":29.771399067,"_wandb":{"runtime":29},"_step":9,"train_acc":0.8023888888888889}