{"_step":9,"train_acc":0.8485555555555555,"val_acc":0.8413333333333334,"train_loss":380.7126411046913,"val_loss":0.6166567386006482,"_timestamp":1.7421617787908423e+09,"_runtime":15.118866586,"_wandb":{"runtime":15}}