{"_timestamp":1.74217599504665e+09,"_runtime":83.372279749,"_wandb":{"runtime":83},"_step":9,"train_acc":0.8636851851851852,"val_acc":0.8418333333333333,"train_loss":322.408806779985,"val_loss":0.4670787958040848}