{"_timestamp":1.7421590876375322e+09,"_runtime":16.511221862,"_step":9,"_wandb":{"runtime":16},"train_acc":0.8427222222222223,"val_acc":0.8288333333333333,"train_loss":198.49944726169875,"val_loss":0.39478821470351516}