{"_wandb":{"runtime":10},"train_acc":0.846037037037037,"val_acc":0.8185,"train_loss":192.55966121351267,"val_loss":0.49924100089943163,"_timestamp":1.7421737074903169e+09,"_runtime":10.832906194,"_step":9}