{"train_acc":0.09855555555555555,"val_acc":0.09983333333333333,"train_loss":973.1143629263415,"val_loss":2.328540557706868,"_timestamp":1.7421881534379072e+09,"_wandb":{"runtime":13},"_runtime":13.855022783,"_step":9}