{"_wandb":{"runtime":29},"_timestamp":1.742189395811295e+09,"_runtime":29.457347324,"_step":9,"train_acc":0.8430740740740741,"val_acc":0.8375,"train_loss":189.97858367073863,"val_loss":0.5269117343958069}