{"_wandb":{"runtime":14},"train_acc":0.857462962962963,"val_acc":0.8478333333333333,"train_loss":172.7043638903964,"val_loss":0.5254977782578418,"_timestamp":1.7421842869620204e+09,"_runtime":14.908929902,"_step":9}