{"_step":4,"_wandb":{"runtime":67},"train_acc":0.09912962962962962,"val_acc":0.0985,"train_loss":1944.3214886124942,"val_loss":2.3099802197663846,"_timestamp":1.7421465544300232e+09,"_runtime":67.923283562}