{"val_loss":0.5865827170001249,"_timestamp":1.7421778978810627e+09,"_runtime":30.477040866,"_step":9,"train_acc":0.8271851851851851,"val_acc":0.8228333333333333,"train_loss":204.1785698440872,"_wandb":{"runtime":30}}