{"_runtime":43.548009746,"_step":9,"_wandb":{"runtime":43},"train_acc":0.10018518518518518,"val_acc":0.09983333333333333,"train_loss":1951.3159585823203,"val_loss":2.3535581176204308,"_timestamp":1.7421564886640003e+09}