{"train_loss":207.15666118218337,"val_loss":0.6030835385440321,"_timestamp":1.7421593288140185e+09,"_runtime":13.9610848,"_step":9,"_wandb":{"runtime":13},"train_acc":0.8210740740740741,"val_acc":0.8188333333333333}