{"_step":9,"train_acc":0.8683888888888889,"val_acc":0.852,"train_loss":159.91370416989218,"val_loss":0.4403266531516721,"_timestamp":1.7421571454331608e+09,"_wandb":{"runtime":14},"_runtime":14.76575626}