{"train_loss":171.89340399888408,"val_loss":0.45659242709827197,"_timestamp":1.742161233566707e+09,"_runtime":10.040753702,"_step":9,"train_acc":0.8612037037037037,"_wandb":{"runtime":10},"val_acc":0.8398333333333333}