{"train_acc":0.8667777777777778,"val_acc":0.8495,"train_loss":157.88758726553894,"val_loss":0.42878367887673247,"_timestamp":1.7421764612128057e+09,"_wandb":{"runtime":23},"_runtime":23.563120727,"_step":9}