{"train_loss":523.1084327074263,"val_loss":0.6781232148931066,"_timestamp":1.7421887601741755e+09,"_runtime":17.09157318,"_step":9,"train_acc":0.7785740740740741,"_wandb":{"runtime":17},"val_acc":0.7735}