{"_wandb":{"runtime":28},"train_loss":209.73359987859038,"val_loss":0.4662285172671015,"_timestamp":1.7421721196639118e+09,"_runtime":28.441372109,"_step":9,"train_acc":0.8343888888888888,"val_acc":0.7708333333333334}