{"_wandb":{"runtime":23},"train_loss":154.50454692222044,"val_loss":0.40648642173673005,"_timestamp":1.7421602338346822e+09,"_runtime":23.484972402,"_step":9,"train_acc":0.8709259259259259,"val_acc":0.8495}