{"_step":9,"train_acc":0.8692777777777778,"val_acc":0.8496666666666667,"train_loss":151.20949162487753,"val_loss":0.3730447158538229,"_wandb":{"runtime":64},"_timestamp":1.7421539030828214e+09,"_runtime":64.169057042}