{"_wandb":{"runtime":24},"_step":9,"train_acc":0.8590555555555556,"val_acc":0.8296666666666667,"train_loss":175.14075119644227,"val_loss":0.42213676246532233,"_timestamp":1.7421614552072117e+09,"_runtime":24.032876131}