{"_wandb":{"runtime":12},"_runtime":12.063357055,"_step":9,"train_acc":0.39346296296296296,"val_acc":0.38433333333333336,"train_loss":937.3412779807959,"val_loss":2.2068809613670473,"_timestamp":1.742185756349902e+09}