{"train_acc":0.8170185185185185,"val_acc":0.8126666666666666,"train_loss":213.68730714762484,"val_loss":0.5740918947534516,"_timestamp":1.7421555660068119e+09,"_runtime":29.133840781,"_step":9,"_wandb":{"runtime":29}}