{"_wandb":{"runtime":32},"_runtime":32.493936204,"_step":9,"train_acc":0.8472037037037037,"val_acc":0.836,"train_loss":187.78924735614822,"val_loss":0.4971195432043167,"_timestamp":1.742189174050409e+09}