{"val_loss":0.5103811491739119,"_timestamp":1.7421651725166023e+09,"_runtime":30.937549856,"_step":9,"train_acc":0.8441481481481482,"_wandb":{"runtime":30},"val_acc":0.8361666666666666,"train_loss":189.65038893007966}