{"val_acc":0.8496666666666667,"train_loss":327.871876079214,"val_loss":0.5036289237929551,"_timestamp":1.7421570393469098e+09,"_runtime":46.649411475,"_step":9,"train_acc":0.8654444444444445,"_wandb":{"runtime":46}}