{"train_loss":NaN,"val_loss":NaN,"_timestamp":1.74217814314183e+09,"_runtime":55.632271659,"_step":9,"train_acc":0.10016666666666667,"val_acc":0.0985,"_wandb":{"runtime":55}}