{"val_loss":0.49968867293240576,"_timestamp":1.742168994074122e+09,"_runtime":9.427153299,"_step":9,"train_acc":0.8447222222222223,"val_acc":0.8295,"train_loss":191.2995499082533,"_wandb":{"runtime":9}}