{"_wandb":{"runtime":14},"train_acc":0.8389629629629629,"val_acc":0.8295,"train_loss":401.8696984202417,"val_loss":0.5853568235943482,"_timestamp":1.7421793703377824e+09,"_runtime":14.062427618,"_step":9}