{"_runtime":25.745474501,"_step":9,"train_acc":0.8666851851851852,"val_acc":0.859,"train_loss":159.01231595805461,"val_loss":0.40691663151923674,"_timestamp":1.742159779983693e+09,"_wandb":{"runtime":25}}