{"_wandb":{"runtime":22},"_timestamp":1.7421828973267045e+09,"_runtime":22.786119211,"_step":9,"train_acc":0.8415555555555555,"val_acc":0.8231666666666667,"train_loss":383.82526205826457,"val_loss":0.5118071020831877}