{"train_acc":0.10016666666666667,"val_acc":0.0985,"train_loss":NaN,"val_loss":NaN,"_wandb":{"runtime":14},"_timestamp":1.7421761299835625e+09,"_runtime":14.273834318,"_step":9}