{"_timestamp":1.7421542200899649e+09,"_runtime":35.650476324,"_wandb":{"runtime":35},"_step":9,"train_acc":0.7981296296296296,"val_acc":0.7816666666666666,"train_loss":237.22748511031395,"val_loss":0.6283691484793431}