{"_timestamp":1.742181379253275e+09,"_runtime":24.958187026,"_wandb":{"runtime":24},"_step":9,"train_acc":0.8568333333333333,"val_acc":0.8505,"train_loss":170.64069711578165,"val_loss":0.4686174850564144}