{"_wandb":{"runtime":23},"_step":9,"train_acc":0.8485,"val_acc":0.8401666666666666,"train_loss":363.54826266033797,"val_loss":0.516374553818983,"_timestamp":1.7421713280120597e+09,"_runtime":23.286566031}