{"_runtime":14.863866771,"_step":9,"train_acc":0.8457777777777777,"val_acc":0.8291666666666667,"train_loss":427.93916069293823,"val_loss":0.6187959970828452,"_timestamp":1.7421708744347475e+09,"_wandb":{"runtime":14}}