{"_wandb":{"runtime":18},"_step":9,"train_acc":0.8761481481481481,"val_acc":0.8605,"train_loss":145.57476000125922,"val_loss":0.34456297136205716,"_timestamp":1.7421802013495667e+09,"_runtime":18.370687092}