{"train_acc":0.8484444444444444,"val_acc":0.8376666666666667,"train_loss":185.3162796069856,"val_loss":0.4716330400861084,"_wandb":{"runtime":31},"_timestamp":1.742171662327025e+09,"_runtime":31.477633123,"_step":9}