{"val_acc":0.8301666666666667,"train_loss":463.95796558951326,"val_loss":0.8548492515893997,"_timestamp":1.7421673217412252e+09,"_runtime":25.397149918,"_wandb":{"runtime":25},"_step":9,"train_acc":0.8396481481481481}