{"train_loss":1271.5947261886201,"val_loss":1.4729288385791126,"_timestamp":1.7421553837758012e+09,"_runtime":16.873803116,"_step":9,"train_acc":0.4907592592592593,"_wandb":{"runtime":16},"val_acc":0.5106666666666667}