{"val_loss":0.022858657686303636,"_timestamp":1.7422155760882952e+09,"_runtime":49.352181386,"_step":9,"train_acc":0.8687037037037038,"val_acc":0.8521666666666666,"train_loss":16.20823196975259,"_wandb":{"runtime":49}}