{"train_loss":192.03111029085866,"val_loss":0.5049728918453366,"_wandb":{"runtime":31},"_timestamp":1.7421648935406165e+09,"_runtime":31.029758495,"_step":9,"train_acc":0.8413888888888889,"val_acc":0.8363333333333334}