{"_timestamp":1.7421577754309378e+09,"_runtime":8.436357824,"_step":9,"_wandb":{"runtime":8},"train_acc":0.87,"val_acc":0.8573333333333333,"train_loss":156.95927879620479,"val_loss":0.3828731586502409}