{"val_loss":0.5022871186606457,"_timestamp":1.7421802453697226e+09,"_runtime":30.398478737,"_wandb":{"runtime":30},"_step":9,"train_acc":0.8433888888888889,"val_acc":0.8311666666666667,"train_loss":191.41236630116316}