{"_runtime":14.232892827,"_step":9,"train_acc":0.8226666666666667,"val_acc":0.8125,"train_loss":215.64596941047478,"_wandb":{"runtime":14},"val_loss":0.6480109200138156,"_timestamp":1.7421655559325204e+09}