{"_runtime":14.056685888,"_step":9,"train_acc":0.806074074074074,"val_acc":0.7975,"train_loss":443.3512454787545,"val_loss":0.8722436222026726,"_wandb":{"runtime":14},"_timestamp":1.742159178219345e+09}