{"_timestamp":1.7421829940057926e+09,"_runtime":28.918790377,"_step":9,"_wandb":{"runtime":28},"train_acc":0.8689074074074075,"val_acc":0.851,"train_loss":154.4402059016501,"val_loss":0.4079732629481184}