{"_step":9,"train_acc":0.7861296296296296,"_wandb":{"runtime":25},"val_acc":0.8161666666666667,"train_loss":549.2055665488535,"val_loss":0.8052390376317554,"_timestamp":1.742161634012046e+09,"_runtime":25.930504473}