{"_wandb":{"runtime":7},"val_acc":0.11033333333333334,"train_loss":1967.8796714716586,"val_loss":2.3149560030826004,"_timestamp":1.7421479571638765e+09,"_runtime":7.2052990040000005,"_step":4,"train_acc":0.11564814814814815}