{"val_acc":0.851,"train_loss":159.28149169868192,"val_loss":0.4003997025293235,"_timestamp":1.7421805560548892e+09,"_runtime":23.040323115,"_step":9,"_wandb":{"runtime":23},"train_acc":0.8647037037037038}