{"val_loss":0.4357216182798728,"_timestamp":1.7421653325003138e+09,"_runtime":14.642906,"_step":9,"_wandb":{"runtime":14},"train_acc":0.8613703703703703,"val_acc":0.8495,"train_loss":169.42593023015561}