{"_step":9,"train_acc":0.8187407407407408,"val_acc":0.8125,"train_loss":451.77714504565415,"val_loss":0.7172206867879112,"_wandb":{"runtime":14},"_timestamp":1.7421787860293288e+09,"_runtime":14.300897427}