{"_wandb":{"runtime":24},"_runtime":24.907045433,"_step":9,"train_acc":0.8511111111111112,"val_acc":0.849,"train_loss":177.42360369853398,"val_loss":0.4765337591710691,"_timestamp":1.7421599286528287e+09}