{"train_loss":178.66414712246174,"val_loss":0.4402467481060833,"_timestamp":1.7421641423693614e+09,"_wandb":{"runtime":14},"_runtime":14.477443147,"_step":9,"train_acc":0.8571296296296296,"val_acc":0.8256666666666667}