{"val_loss":2.302910002915739,"_timestamp":1.7421725960923946e+09,"_runtime":22.661812691,"_step":9,"train_acc":0.10790740740740741,"val_acc":0.10416666666666667,"train_loss":971.5974387836721,"_wandb":{"runtime":22}}