{"val_acc":0.8355,"train_loss":350.8209195364722,"val_loss":0.6104981792583782,"_timestamp":1.7421859270531623e+09,"_runtime":31.752299062,"_step":9,"_wandb":{"runtime":31},"train_acc":0.8537037037037037}