{"_wandb":{"runtime":11},"train_loss":290.6207624250997,"val_loss":0.27642498031119134,"_timestamp":1.7421627053061852e+09,"_runtime":11.646124748,"_step":9,"train_acc":0.8782777777777778,"val_acc":0.8655}