{"val_loss":0.4289887956311391,"_timestamp":1.7421616766196883e+09,"_runtime":13.697690628,"_wandb":{"runtime":13},"_step":9,"train_acc":0.8675185185185185,"val_acc":0.8498333333333333,"train_loss":159.95926186057702}