{"_runtime":31.600230874,"_step":9,"train_acc":0.8661296296296296,"val_acc":0.8536666666666667,"train_loss":160.48064870511277,"val_loss":0.4169540946978042,"_wandb":{"runtime":31},"_timestamp":1.7421877278498142e+09}