{"_runtime":14.191456377,"_step":9,"train_acc":0.8597592592592592,"val_acc":0.8325,"train_loss":175.47897261285874,"val_loss":0.4398010729911605,"_timestamp":1.742186347807132e+09,"_wandb":{"runtime":14}}