{"_wandb":{"runtime":31},"train_loss":176.7397956489416,"val_loss":0.4303677645024852,"_timestamp":1.7421650497192006e+09,"_runtime":31.171524756,"_step":9,"train_acc":0.8560555555555556,"val_acc":0.8445}