{"train_acc":0.8276111111111111,"val_acc":0.821,"_wandb":{"runtime":57},"train_loss":444.5558047932115,"val_loss":0.7407933739151887,"_timestamp":1.742176721224154e+09,"_runtime":57.130681912,"_step":9}