{"_timestamp":1.742178500157922e+09,"_runtime":17.377080879,"_step":9,"_wandb":{"runtime":17},"train_acc":0.8578518518518519,"val_acc":0.8435,"train_loss":169.43785633622286,"val_loss":0.46155484722754603}