{"_timestamp":1.742188423118409e+09,"_runtime":54.234401145,"_step":9,"train_acc":0.8632407407407408,"_wandb":{"runtime":54},"val_acc":0.8455,"train_loss":159.09030170511744,"val_loss":0.38213464706064204}