{"_runtime":54.432742739,"_step":9,"train_acc":0.8585,"val_acc":0.8388333333333333,"train_loss":163.69574996866487,"_wandb":{"runtime":54},"val_loss":0.39520232669947725,"_timestamp":1.742166704732455e+09}