{"val_loss":0.43938013690414074,"_timestamp":1.7421730230718277e+09,"_runtime":26.643080688,"_step":9,"train_acc":0.8644814814814815,"_wandb":{"runtime":26},"val_acc":0.8533333333333334,"train_loss":162.14327028861726}