{"val_loss":0.701657759654443,"_timestamp":1.7421593081248512e+09,"_runtime":14.977074702,"_step":9,"_wandb":{"runtime":14},"train_acc":0.8519074074074074,"val_acc":0.841,"train_loss":371.2397434926215}