{"_wandb":{"runtime":22},"train_loss":343.0067524690928,"val_loss":0.5437125643953213,"_timestamp":1.7421609859227846e+09,"_runtime":22.032471396,"_step":9,"train_acc":0.8612777777777778,"val_acc":0.8501666666666666}