{"val_loss":0.6153114883092458,"_wandb":{"runtime":25},"_timestamp":1.7421634908745835e+09,"_runtime":25.754548815,"_step":9,"train_acc":0.8435,"val_acc":0.8201666666666667,"train_loss":200.81109076453384}