{"train_acc":0.8675555555555555,"_wandb":{"runtime":41},"val_acc":0.8546666666666667,"train_loss":329.4382144668824,"val_loss":0.5620614766043793,"_timestamp":1.742155236940532e+09,"_runtime":41.254832274,"_step":9}