{"_runtime":26.197316569,"_step":9,"train_acc":0.8625185185185186,"val_acc":0.8543333333333333,"train_loss":163.18619829080197,"val_loss":0.4394268087093756,"_wandb":{"runtime":26},"_timestamp":1.7421556850559416e+09}