{"_runtime":18.997412996,"_step":9,"train_acc":0.8302962962962963,"val_acc":0.8138333333333333,"train_loss":487.6536504096646,"_wandb":{"runtime":19},"val_loss":0.9249170307217862,"_timestamp":1.7421692022740777e+09}