{"_runtime":30.400262562,"_step":9,"train_acc":0.8536481481481482,"val_acc":0.8351666666666666,"_wandb":{"runtime":30},"train_loss":349.6920361015049,"val_loss":0.5174055406809606,"_timestamp":1.742158854336391e+09}