{"val_acc":0.098,"_wandb":{"runtime":10},"train_loss":22993.962319337355,"val_loss":13.311687146123965,"_timestamp":1.7421480423773959e+09,"_runtime":7.173241541,"_step":1,"train_acc":0.09881481481481481}