{"_step":9,"train_acc":0.8570925925925926,"_wandb":{"runtime":9},"val_acc":0.8405,"train_loss":180.8143383518244,"val_loss":0.5193412830327323,"_timestamp":1.7421878561381605e+09,"_runtime":9.46329687}