{"_runtime":23.46225938,"_step":9,"_wandb":{"runtime":23},"train_acc":0.8518888888888889,"val_acc":0.8416666666666667,"train_loss":453.2684406738885,"val_loss":0.5893537775597202,"_timestamp":1.7421575027132244e+09}