{"_timestamp":1.742159565926949e+09,"_runtime":21.336931947,"_step":9,"train_acc":0.8219444444444445,"val_acc":0.8133333333333334,"train_loss":442.2249798478458,"_wandb":{"runtime":21},"val_loss":0.6829033696245199}