{"_wandb":{"runtime":41},"train_loss":567.7169608281985,"val_loss":0.7837570931156704,"_timestamp":1.7421648559522e+09,"_runtime":41.829333416,"_step":9,"train_acc":0.787425925925926,"val_acc":0.7766666666666666}