{"train_acc":0.8659259259259259,"val_acc":0.8546666666666667,"train_loss":159.69382602774456,"val_loss":0.39527487937563555,"_wandb":{"runtime":27},"_timestamp":1.7421573140931113e+09,"_runtime":27.899572335,"_step":9}