{"train_acc":0.8493703703703703,"val_acc":0.835,"train_loss":437.9350972376368,"val_loss":0.4707408258783996,"_timestamp":1.7421858223594873e+09,"_runtime":45.296244381,"_step":9,"_wandb":{"runtime":45}}