{"_step":9,"train_acc":0.8407222222222223,"val_acc":0.8221666666666667,"train_loss":208.51988207410398,"val_loss":0.722278784236232,"_timestamp":1.7421558071943579e+09,"_wandb":{"runtime":25},"_runtime":25.799930054}