{"val_loss":0.9583820910214327,"_timestamp":1.742151954907714e+09,"_runtime":26.227370106,"_wandb":{"runtime":26},"_step":9,"train_acc":0.7073888888888888,"val_acc":0.7065,"train_loss":383.5922060975543}