{"val_loss":0.6590848788434038,"_wandb":{"runtime":42},"_timestamp":1.7421812790858955e+09,"_runtime":42.671480195,"_step":9,"train_acc":0.8401296296296297,"val_acc":0.827,"train_loss":527.5854068217288}