{"train_loss":211.83230000710842,"val_loss":0.6178108775790166,"_timestamp":1.7421768093208218e+09,"_runtime":16.849735048,"_step":9,"_wandb":{"runtime":16},"train_acc":0.8362407407407407,"val_acc":0.8218333333333333}