{"train_acc":0.8308333333333333,"val_acc":0.8208333333333333,"train_loss":218.77220976603786,"val_loss":0.6580435081495045,"_timestamp":1.7421844835925288e+09,"_runtime":28.826958423,"_wandb":{"runtime":28},"_step":9}