{"_step":9,"_wandb":{"runtime":36},"train_acc":0.7570925925925925,"val_acc":0.7635,"train_loss":287.93684743107355,"val_loss":0.7532996326317113,"_timestamp":1.7421709333373146e+09,"_runtime":36.019662292}