{"val_acc":0.8183333333333334,"train_loss":436.79686766066584,"val_loss":0.7745750663034096,"_wandb":{"runtime":21},"_timestamp":1.7421627696371596e+09,"_runtime":21.662853366,"_step":9,"train_acc":0.8237222222222222}