{"_runtime":10.278309586,"_step":9,"train_acc":0.8598148148148148,"val_acc":0.8468333333333333,"train_loss":172.4055173385777,"_wandb":{"runtime":10},"val_loss":0.4385283373605717,"_timestamp":1.7421638493563998e+09}