{"train_loss":500.8059146944328,"_wandb":{"runtime":21},"val_loss":1.180221811586073,"_timestamp":1.7421484652263534e+09,"_runtime":18.879088475,"_step":6,"train_acc":0.6805740740740741,"val_acc":0.6793333333333333}