{"_runtime":74.877650836,"_step":9,"train_acc":0.8453703703703703,"val_acc":0.8355,"_wandb":{"runtime":74},"train_loss":386.0099679178209,"val_loss":0.6078129129987966,"_timestamp":1.7421833703532317e+09}