{"train_acc":0.09855555555555555,"val_acc":0.0985,"train_loss":1945.6988296824336,"val_loss":2.300428411417478,"_timestamp":1.7421774898569374e+09,"_runtime":13.976652608,"_wandb":{"runtime":13},"_step":9}