{"_wandb":{"runtime":9},"train_acc":0.8581111111111112,"val_acc":0.8406666666666667,"train_loss":173.65896328460624,"val_loss":0.4508822250532969,"_timestamp":1.742167642959965e+09,"_runtime":9.914055078,"_step":9}