{"train_loss":211.07831555571718,"val_loss":0.6747433264597262,"_timestamp":1.742172248631401e+09,"_runtime":24.559679649,"_wandb":{"runtime":24},"_step":9,"train_acc":0.8221481481481482,"val_acc":0.8161666666666667}