{"_wandb":{"runtime":24},"val_loss":0.4308306876203295,"_timestamp":1.7421768810440655e+09,"_runtime":24.52124581,"_step":9,"train_acc":0.8596296296296296,"val_acc":0.8346666666666667,"train_loss":171.81668666114527}