{"train_acc":0.8599074074074075,"val_acc":0.8386666666666667,"train_loss":410.95894303471295,"val_loss":0.5626284201761417,"_timestamp":1.7421872396056113e+09,"_runtime":39.392739527,"_step":9,"_wandb":{"runtime":39}}