{"_wandb":{"runtime":34},"_runtime":34.810964202,"_step":9,"train_acc":0.768962962962963,"val_acc":0.7765,"train_loss":310.5671664486556,"val_loss":0.8569059297219097,"_timestamp":1.7421865544980657e+09}