{"_runtime":7.229150385,"_step":4,"train_acc":0.20114814814814816,"_wandb":{"runtime":7},"val_acc":0.213,"train_loss":1892.4450779118977,"val_loss":2.2417432887246385,"_timestamp":1.742147967817414e+09}