{"train_acc":0.8668888888888889,"val_acc":0.8555,"train_loss":163.84443496300077,"val_loss":0.37103660629932417,"_timestamp":1.7421724967653599e+09,"_runtime":9.648271795,"_wandb":{"runtime":9},"_step":9}