{"_step":9,"train_acc":0.7657037037037037,"val_acc":0.7561666666666667,"_wandb":{"runtime":29},"train_loss":284.30486912357213,"val_loss":0.8598557321713837,"_timestamp":1.7421750346786382e+09,"_runtime":29.467746243}