{"train_acc":0.8423703703703703,"val_acc":0.8308333333333333,"train_loss":198.07535787085678,"val_loss":0.4998516666660384,"_wandb":{"runtime":17},"_timestamp":1.742161937143789e+09,"_runtime":17.059988498,"_step":9}