{"train_loss":446.18063326457866,"val_loss":0.68325686343352,"_timestamp":1.7421771089422195e+09,"_runtime":22.395374516,"_step":9,"train_acc":0.8188888888888889,"val_acc":0.7985,"_wandb":{"runtime":22}}