{"train_acc":0.09870370370370371,"val_acc":0.1045,"train_loss":971.8278520635038,"_wandb":{"runtime":14},"val_loss":2.304372459680064,"_timestamp":1.7421561928541234e+09,"_runtime":14.708635496,"_step":9}