{"_runtime":10.911575765,"_step":9,"train_acc":0.0995925925925926,"val_acc":0.10066666666666667,"train_loss":983.2787922096232,"val_loss":2.3486363342662577,"_timestamp":1.7421851818006325e+09,"_wandb":{"runtime":10}}