{"train_acc":0.8271111111111111,"val_acc":0.8213333333333334,"train_loss":455.0792239989013,"val_loss":0.8146184775150287,"_timestamp":1.742154672432244e+09,"_runtime":57.20764427,"_step":9,"_wandb":{"runtime":57}}