{"val_loss":0.44379364308032876,"_timestamp":1.7421668027417815e+09,"_wandb":{"runtime":35},"_runtime":35.070006319,"_step":9,"train_acc":0.852574074074074,"val_acc":0.8431666666666666,"train_loss":175.67084253608158}