{"val_acc":0.09333333333333334,"train_loss":971.7016516849254,"val_loss":2.3027852177317567,"_timestamp":1.7421827316309538e+09,"_runtime":8.175601321,"_wandb":{"runtime":8},"_step":9,"train_acc":0.1005925925925926}