{"train_acc":0.8050925925925926,"val_acc":0.8005,"train_loss":476.17574895726483,"val_loss":0.8975939875962635,"_timestamp":1.7421540019779706e+09,"_wandb":{"runtime":51},"_runtime":51.73737,"_step":9}