{"_runtime":45.373143411,"_step":9,"_wandb":{"runtime":45},"train_acc":0.8603148148148149,"val_acc":0.8371666666666666,"train_loss":162.1464666313995,"val_loss":0.39870342916467155,"_timestamp":1.7421755521067739e+09}