{"val_acc":0.1,"train_loss":6110.924261425953,"val_loss":14.247245274507799,"_timestamp":1.742153094839254e+09,"_runtime":20.888931555,"_step":9,"_wandb":{"runtime":20},"train_acc":0.10074074074074074}