{"train_loss":210.77060509680467,"val_loss":0.5426242538057341,"_timestamp":1.7421619794056606e+09,"_wandb":{"runtime":28},"_runtime":27.99913989,"_step":9,"train_acc":0.8386296296296296,"val_acc":0.8031666666666667}