{"_wandb":{"runtime":10},"train_acc":0.8390185185185185,"val_acc":0.8328333333333333,"train_loss":200.80351740034567,"val_loss":0.5827457831002851,"_timestamp":1.7421592869611773e+09,"_runtime":10.17616888,"_step":9}