{"train_acc":0.8590925925925926,"val_acc":0.8273333333333334,"_wandb":{"runtime":64},"train_loss":163.253640835783,"val_loss":0.38555941123067583,"_timestamp":1.7421535696014538e+09,"_runtime":64.996759598,"_step":9}