{"_wandb":{"runtime":11},"_runtime":11.601305709,"_step":9,"train_acc":0.852,"val_acc":0.8388333333333333,"train_loss":186.415702251731,"val_loss":0.45357158560836186,"_timestamp":1.742158121600027e+09}