{"_timestamp":1.7421775329231963e+09,"_runtime":35.618235049,"_step":9,"_wandb":{"runtime":35},"train_acc":0.8050925925925926,"val_acc":0.796,"train_loss":226.18076486681977,"val_loss":0.5891352639911197}