{"_wandb":{"runtime":14},"_step":9,"train_acc":0.8556481481481482,"val_acc":0.8463333333333334,"train_loss":177.62544826177248,"val_loss":0.5027241129187361,"_timestamp":1.7421684368375313e+09,"_runtime":14.57742713}