{"val_loss":0.5711960093644521,"_timestamp":1.7421846982769966e+09,"_runtime":29.386614568,"_step":9,"_wandb":{"runtime":29},"train_acc":0.8355185185185185,"val_acc":0.831,"train_loss":203.2780720959187}