{"train_loss":143.56426402152547,"val_loss":0.3529251598933537,"_timestamp":1.7421537908597e+09,"_runtime":57.837233558,"_step":9,"train_acc":0.8771851851851852,"_wandb":{"runtime":57},"val_acc":0.866}