{"val_acc":0.852,"train_loss":174.04694928079624,"val_loss":0.46436051529505107,"_timestamp":1.7421854486934018e+09,"_runtime":14.884770591,"_step":9,"train_acc":0.8563703703703703,"_wandb":{"runtime":14}}