{"_step":9,"train_acc":0.8654444444444445,"val_acc":0.86,"_wandb":{"runtime":26},"train_loss":161.76403693094528,"val_loss":0.4219409088298248,"_timestamp":1.7421735680289316e+09,"_runtime":26.428484208}