{"_runtime":22.324541377,"_step":9,"train_acc":0.8428333333333333,"val_acc":0.83,"train_loss":485.98696854972945,"val_loss":0.647264442304437,"_wandb":{"runtime":22},"_timestamp":1.7421809517129946e+09}