{"_timestamp":1.7421891370895214e+09,"_runtime":58.46761415,"_step":9,"train_acc":0.8746111111111111,"_wandb":{"runtime":58},"val_acc":0.8643333333333333,"train_loss":144.86527377701753,"val_loss":0.34308278866953185}