{"val_loss":0.5449374514164482,"_wandb":{"runtime":42},"_timestamp":1.7421654774483316e+09,"_runtime":42.585024102,"_step":9,"train_acc":0.8689629629629629,"val_acc":0.8515,"train_loss":324.2583953105785}