{"_step":9,"train_acc":0.8413148148148148,"val_acc":0.8273333333333334,"train_loss":193.17501222414148,"_wandb":{"runtime":30},"val_loss":0.47324831101168296,"_timestamp":1.7421548752056017e+09,"_runtime":30.80860043}