{"_timestamp":1.7421550958229628e+09,"_runtime":27.758879605,"_step":9,"_wandb":{"runtime":27},"train_acc":0.8919444444444444,"val_acc":0.8643333333333333,"train_loss":254.07963881642533,"val_loss":0.20370330075244422}