{"val_acc":0.832,"train_loss":357.69010457246014,"val_loss":0.4886781635591085,"_wandb":{"runtime":30},"_timestamp":1.7421582922555897e+09,"_runtime":30.872478351,"_step":9,"train_acc":0.8507592592592592}