{"train_loss":155.4721682754767,"val_loss":0.38097972823894644,"_timestamp":1.7421784686671638e+09,"_runtime":23.273094913,"_step":9,"_wandb":{"runtime":23},"train_acc":0.8677222222222222,"val_acc":0.8551666666666666}