{"_timestamp":1.7421548382654016e+09,"_runtime":41.936332697,"_step":9,"train_acc":0.868462962962963,"val_acc":0.8526666666666667,"train_loss":328.0653217264514,"_wandb":{"runtime":41},"val_loss":0.47064383117045594}