{"val_acc":0.7998333333333333,"_wandb":{"runtime":26},"train_loss":208.91466669400066,"val_loss":0.5602288492048489,"_timestamp":1.7421809233274832e+09,"_runtime":26.077581874,"_step":9,"train_acc":0.840925925925926}