{"val_acc":0.31216666666666665,"train_loss":624.2057211143788,"val_loss":1.3957953563215075,"_timestamp":1.7421866099000528e+09,"_runtime":9.423353945,"_step":9,"_wandb":{"runtime":9},"train_acc":0.3121111111111111}