{"_runtime":20.53732731,"_step":9,"_wandb":{"runtime":20},"train_acc":0.22877777777777777,"val_acc":0.24783333333333332,"train_loss":711.8397221175026,"val_loss":1.5335774270931732,"_timestamp":1.7421852236663857e+09}