{"val_acc":0.7853333333333333,"train_loss":239.7102237320046,"val_loss":0.6535862495395889,"_timestamp":1.7421573712756016e+09,"_runtime":9.889146684,"_step":9,"train_acc":0.7921481481481482,"_wandb":{"runtime":9}}