{"_timestamp":1.742215681983486e+09,"_runtime":54.59866953,"_step":8,"train_acc":0.8552777777777778,"val_acc":0.8456666666666667,"train_loss":17.56890362318131,"_wandb":{"runtime":64},"val_loss":0.026611583971834628}