{"train_loss":225.47936294580072,"_wandb":{"runtime":14},"val_loss":0.7317234455965381,"_timestamp":1.7421705624835875e+09,"_runtime":14.112559464,"_step":9,"train_acc":0.815462962962963,"val_acc":0.816}