{"_wandb":{"runtime":9},"train_loss":228.76272060162546,"val_loss":0.5954947454233093,"_timestamp":1.742189537367835e+09,"_runtime":9.959902213,"_step":9,"train_acc":0.8088333333333333,"val_acc":0.8056666666666666}