{"train_loss":196.10408743553958,"_wandb":{"runtime":36},"val_loss":0.52769638275723,"_timestamp":1.7421836301161463e+09,"_runtime":36.06314498,"_step":9,"train_acc":0.8376296296296296,"val_acc":0.8288333333333333}