{"_step":9,"train_acc":0.8545555555555555,"val_acc":0.847,"_wandb":{"runtime":24},"train_loss":174.04642173697954,"val_loss":0.4852422945824863,"_timestamp":1.7421720248829255e+09,"_runtime":24.455953527}