{"val_loss":0.3910809003134901,"_timestamp":1.7421594732239578e+09,"_runtime":14.591962007,"_step":9,"_wandb":{"runtime":14},"train_acc":0.8629074074074075,"val_acc":0.8478333333333333,"train_loss":163.86145017688298}