{"val_acc":0.833,"train_loss":197.12288345115377,"val_loss":0.5702739375546177,"_timestamp":1.7421610104862838e+09,"_runtime":10.337450159,"_step":9,"train_acc":0.8400925925925926,"_wandb":{"runtime":10}}