{"_timestamp":1.7421606128314185e+09,"_runtime":18.601674395,"_wandb":{"runtime":18},"_step":9,"train_acc":0.8853333333333333,"val_acc":0.8718333333333333,"train_loss":133.80766814985958,"val_loss":0.31829811517532774}