{"_wandb":{"runtime":17},"train_acc":0.8112592592592592,"val_acc":0.803,"train_loss":460.7216935974204,"val_loss":0.7808421119831072,"_timestamp":1.742180415550023e+09,"_runtime":17.19320009,"_step":9}