{"train_loss":167.62051782165227,"val_loss":0.3108978031228048,"_timestamp":1.7421622062409835e+09,"_runtime":24.914387297,"_step":9,"_wandb":{"runtime":24},"train_acc":0.8648518518518519,"val_acc":0.8571666666666666}