{"val_loss":0.4998287799530476,"_timestamp":1.7421834095723965e+09,"_runtime":34.344300007,"_wandb":{"runtime":34},"_step":9,"train_acc":0.8504444444444444,"val_acc":0.8445,"train_loss":178.18325135142967}