{"_runtime":16.594181853,"_step":9,"train_acc":0.889537037037037,"val_acc":0.8723333333333333,"train_loss":262.1351055697933,"_wandb":{"runtime":16},"val_loss":0.21985326651627798,"_timestamp":1.7421551583377736e+09}