{"_wandb":{"runtime":16},"_timestamp":1.7421743560343106e+09,"_runtime":16.932396817,"_step":9,"train_acc":0.8442962962962963,"val_acc":0.8346666666666667,"train_loss":433.07249631752796,"val_loss":0.7565430779421676}