{"_step":9,"train_acc":0.8265555555555556,"_wandb":{"runtime":55},"val_acc":0.8253333333333334,"train_loss":550.0882617919805,"val_loss":0.7009488901813609,"_timestamp":1.7421695384424717e+09,"_runtime":55.402018467}